2-Hacid_dh	2-Hacid_dh	0	0	0	0	0	0	0	0	0	0
2OG-FeII_Oxy	2OG-FeII_Oxy	1	0	0	0	0	0	0	0	0	0
3-PAP	3-PAP	2	0	0	0	0	0	0	0	0	0
3A	3A	3	0	0	0	0	0	0	0	0	0
3_5_exonuc	3_5_exonuc	4	0	0	0	0	0	0	0	0	0
4HBT	4HBT	5	0	0	0	0	0	0	0	0	0
5-FTHF_cyc-lig	5-FTHF_cyc-lig	6	0	0	0	0	0	0	0	0	0
5_nucleotid_C	5_nucleotid_C	7	0	0	0	0	0	0	0	0	0
60KD_IMP	60KD_IMP	8	0	0	0	0	0	0	0	0	0
7TM-7TMR_HD	7TM-7TMR_HD	9	0	0	0	0	0	0	0	0	0
7TMR-DISMED2	7TMR-DISMED2	10	0	0	0	0	0	0	0	0	0
7TMR-DISM_7TM	7TMR-DISM_7TM	11	0	0	0	0	0	0	0	0	0
7TMR-HDED	7TMR-HDED	12	0	0	0	0	0	0	0	0	0
7tm_1	7TM_GPCR_Srh	13	0	0	0	0	0	0	0	0	0
7tm_3	7TM_GPCR_Srsx	14	0	0	0	0	0	0	0	0	0
7tm_6	7TM_GPCR_Srv	15	0	0	0	0	0	0	0	0	0
7tm_7	7tm_1	16	0	0	0	0	0	0	0	0	0
7TM_GPCR_Srh	7tm_3	17	0	0	0	0	0	0	0	0	0
7TM_GPCR_Srsx	7tm_6	18	0	0	0	0	0	0	0	0	0
7TM_GPCR_Srv	7tm_7	19	0	0	0	0	0	0	0	0	0
87kDa_TransP	87kDa_TransP	20	0	0	0	0	0	0	0	0	0
AAA_4	AAA_4	21	0	0	0	0	0	0	0	0	0
AAA_5	AAA_5	22	0	0	0	0	0	0	0	0	0
AAR2	AAR2	23	0	0	0	0	0	0	0	0	0
AAT	AAT	24	0	0	0	0	0	0	0	0	0
AATase	AATase	25	0	0	0	0	0	0	0	0	0
AA_kinase	AA_kinase	26	0	0	0	0	0	0	0	0	0
AA_permease	AA_permease	27	0	0	0	0	0	0	0	0	0
Aa_trans	ABA_GPCR	28	0	0	0	0	0	0	0	0	0
ABA_GPCR	ABC2_membrane	29	0	0	0	0	0	0	0	0	0
ABC2_membrane	ABC_membrane	30	0	0	0	0	0	0	0	0	0
ABC_membrane	ABC_membrane_2	31	0	0	0	0	0	0	0	0	0
ABC_membrane_2	ABC_sub_bind	32	0	0	0	0	0	0	0	0	0
ABC_sub_bind	ABC_transp_aux	33	0	0	0	0	0	0	0	0	0
ABC_transp_aux	ACC_central	34	0	0	0	0	0	0	0	0	0
Abhydrolase_1	ACT	35	0	0	0	0	0	0	0	0	0
Abhydrolase_2	ADC	36	0	0	0	0	0	0	0	0	0
Abi	ADH_zinc_N	37	0	0	0	0	0	0	0	0	0
Abi_2	ADIP	38	0	0	0	0	0	0	0	0	0
ACC_central	ADP_PFK_GK	39	0	0	0	0	0	0	0	0	0
AcetylCoA_hydro	ADP_ribosyl_GH	40	0	0	0	0	0	0	0	0	0
Acetyltransf_1	AFG1_ATPase	41	0	0	0	0	0	0	0	0	0
Acid_phosphat_A	AFOR_C	42	0	0	0	0	0	0	0	0	0
Acid_phosphat_B	AHSA1	43	0	0	0	0	0	0	0	0	0
ACT	AIG2	44	0	0	0	0	0	0	0	0	0
Act-Frag_cataly	AIPR	45	0	0	0	0	0	0	0	0	0
Activin_recp	AIRS_C	46	0	0	0	0	0	0	0	0	0
Acyl-CoA_dh_1	AMH_N	47	0	0	0	0	0	0	0	0	0
Acyltransferase	AMIN	48	0	0	0	0	0	0	0	0	0
Acyl_CoA_thio	AMP-binding	49	0	0	0	0	0	0	0	0	0
Acyl_transf_1	ANF_receptor	50	0	0	0	0	0	0	0	0	0
Acyl_transf_3	ANTH	51	0	0	0	0	0	0	0	0	0
Adaptin_binding	APG17	52	0	0	0	0	0	0	0	0	0
Adaptin_N	APH	53	0	0	0	0	0	0	0	0	0
Adap_comp_sub	AP_endonuc_2	54	0	0	0	0	0	0	0	0	0
ADC	ARA70	55	0	0	0	0	0	0	0	0	0
Adeno_52K	ASC	56	0	0	0	0	0	0	0	0	0
adh_short	ASCH	57	0	0	0	0	0	0	0	0	0
ADH_zinc_N	ATG13	58	0	0	0	0	0	0	0	0	0
ADIP	ATG16	59	0	0	0	0	0	0	0	0	0
ADP_PFK_GK	ATG22	60	0	0	0	0	0	0	0	0	0
ADP_ribosyl_GH	ATP-synt_A	61	0	0	0	0	0	0	0	0	0
AFG1_ATPase	ATP-synt_B	62	0	0	0	0	0	0	0	0	0
AFOR_C	ATP-synt_S1	63	0	0	0	0	0	0	0	0	0
AgrB	ATP_bind_1	64	0	0	0	0	0	0	0	0	0
Aha1_N	ATP_synt_I	65	0	0	0	0	0	0	0	0	0
AHSA1	A_deamin	66	0	0	0	0	0	0	0	0	0
AIG2	A_deaminase	67	0	0	0	0	0	0	0	0	0
AIPR	Aa_trans	68	0	0	0	0	0	0	0	0	0
AIRS_C	Abhydrolase_1	69	0	0	0	0	0	0	0	0	0
AlaDh_PNT_C	Abhydrolase_2	70	0	0	0	0	0	0	0	0	0
Ala_racemase_N	Abi	71	0	0	0	0	0	0	0	0	0
Alb1	Abi_2	72	0	0	0	0	0	0	0	0	0
Aldolase_II	AcetylCoA_hydro	73	0	0	0	0	0	0	0	0	0
Aldose_epim	Acetyltransf_1	74	0	0	0	0	0	0	0	0	0
Aldo_ket_red	Acid_phosphat_A	75	0	0	0	0	0	0	0	0	0
Alginate_lyase2	Acid_phosphat_B	76	0	0	0	0	0	0	0	0	0
Alpha-amylase_C	Act-Frag_cataly	77	0	0	0	0	0	0	0	0	0
Alpha-L-AF_C	Activin_recp	78	0	0	0	0	0	0	0	0	0
Alpha_adaptinC2	Acyl-CoA_dh_1	79	0	0	0	0	0	0	0	0	0
Amastin	Acyl_CoA_thio	80	0	0	0	0	0	0	0	0	0
AMH_N	Acyl_transf_1	81	0	0	0	0	0	0	0	0	0
Amidase	Acyl_transf_3	82	0	0	0	0	0	0	0	0	0
Amidase_2	Acyltransferase	83	0	0	0	0	0	0	0	0	0
Amidase_3	Adap_comp_sub	84	0	0	0	0	0	0	0	0	0
Amidinotransf	Adaptin_N	85	0	0	0	0	0	0	0	0	0
Amidohydro_1	Adaptin_binding	86	0	0	0	0	0	0	0	0	0
Amidohydro_2	Adeno_52K	87	0	0	0	0	0	0	0	0	0
Amidohydro_3	AgrB	88	0	0	0	0	0	0	0	0	0
Amidoligase_2	Aha1_N	89	0	0	0	0	0	0	0	0	0
AMIN	AlaDh_PNT_C	90	0	0	0	0	0	0	0	0	0
Aminotran_1_2	Ala_racemase_N	91	0	0	0	0	0	0	0	0	0
Aminotran_4	Alb1	92	0	0	0	0	0	0	0	0	0
Aminotran_5	Aldo_ket_red	93	0	0	0	0	0	0	0	0	0
Amino_oxidase	Aldolase_II	94	0	0	0	0	0	0	0	0	0
Ammonium_transp	Aldose_epim	95	0	0	0	0	0	0	0	0	0
AmoA	Alginate_lyase2	96	0	0	0	0	0	0	0	0	0
AMP-binding	Alpha-L-AF_C	97	0	0	0	0	0	0	0	0	0
ANF_receptor	Alpha-amylase_C	98	0	0	0	0	0	0	0	0	0
Anp1	Alpha_adaptinC2	99	0	0	0	0	0	0	0	0	0
ANTH	Amastin	100	0	0	0	0	0	0	0	0	0
Anth_synt_I_N	Amidase	101	0	0	0	0	0	0	0	0	0
Antibiotic_NAT	Amidase_2	102	0	0	0	0	0	0	0	0	0
Anticodon_1	Amidase_3	103	0	0	0	0	0	0	0	0	0
Antiterm	Amidinotransf	104	0	0	0	0	0	0	0	0	0
An_peroxidase	Amidohydro_1	105	0	0	0	0	0	0	0	0	0
APG17	Amidohydro_2	106	0	0	0	0	0	0	0	0	0
APH	Amidohydro_3	107	0	0	0	0	0	0	0	0	0
Apolipoprotein	Amidoligase_2	108	0	0	0	0	0	0	0	0	0
ApoLp-III	Amino_oxidase	109	0	0	0	0	0	0	0	0	0
ApoO	Aminotran_1_2	110	0	0	0	0	0	0	0	0	0
Apt1	Aminotran_4	111	0	0	0	0	0	0	0	0	0
AP_endonuc_2	Aminotran_5	112	0	0	0	0	0	0	0	0	0
ARA70	Ammonium_transp	113	0	0	0	0	0	0	0	0	0
AraC_binding	AmoA	114	0	0	0	0	0	0	0	0	0
AraC_E_bind	An_peroxidase	115	0	0	0	0	0	0	0	0	0
Arb2	Anp1	116	0	0	0	0	0	0	0	0	0
Arch_ATPase	Anth_synt_I_N	117	0	0	0	0	0	0	0	0	0
Arch_flagellin	Antibiotic_NAT	118	0	0	0	0	0	0	0	0	0
Arfaptin	Anticodon_1	119	0	0	0	0	0	0	0	0	0
Arginase	Antiterm	120	0	0	0	0	0	0	0	0	0
Arrestin_C	ApoLp-III	121	0	0	0	0	0	0	0	0	0
Arrestin_N	ApoO	122	0	0	0	0	0	0	0	0	0
Arteri_Gl	Apolipoprotein	123	0	0	0	0	0	0	0	0	0
Arv1	Apt1	124	0	0	0	0	0	0	0	0	0
Arylesterase	AraC_E_bind	125	0	0	0	0	0	0	0	0	0
Arylsulfotrans	AraC_binding	126	0	0	0	0	0	0	0	0	0
ASC	Arb2	127	0	0	0	0	0	0	0	0	0
ASCH	Arch_ATPase	128	0	0	0	0	0	0	0	0	0
AsmA	Arch_flagellin	129	0	0	0	0	0	0	0	0	0
Asn_synthase	Arfaptin	130	0	0	0	0	0	0	0	0	0
Asparaginase	Arginase	131	0	0	0	0	0	0	0	0	0
Asp_Arg_Hydrox	Arrestin_C	132	0	0	0	0	0	0	0	0	0
Asp_Glu_race	Arrestin_N	133	0	0	0	0	0	0	0	0	0
AstE_AspA	Arteri_Gl	134	0	0	0	0	0	0	0	0	0
ATG13	Arv1	135	0	0	0	0	0	0	0	0	0
ATG16	Arylesterase	136	0	0	0	0	0	0	0	0	0
ATG22	Arylsulfotrans	137	0	0	0	0	0	0	0	0	0
ATP-synt_A	AsmA	138	0	0	0	0	0	0	0	0	0
ATP-synt_B	Asn_synthase	139	0	0	0	0	0	0	0	0	0
ATP-synt_S1	Asp_Arg_Hydrox	140	0	0	0	0	0	0	0	0	0
ATP_bind_1	Asp_Glu_race	141	0	0	0	0	0	0	0	0	0
ATP_synt_I	Asparaginase	142	0	0	0	0	0	0	0	0	0
AurF	AstE_AspA	143	0	0	0	0	0	0	0	0	0
Autoind_bind	AurF	144	0	0	0	0	0	0	0	0	0
Autotransporter	Autoind_bind	145	0	0	0	0	0	0	0	0	0
A_deamin	Autotransporter	146	0	0	0	0	0	0	0	0	0
A_deaminase	B12-binding	147	0	0	0	0	0	0	0	0	0
B12-binding	B2-adapt-app_C	148	0	0	0	0	0	0	0	0	0
B2-adapt-app_C	B3_4	149	0	0	0	0	0	0	0	0	0
B3_4	B56	150	0	0	0	0	0	0	0	0	0
B56	BAG	151	0	0	0	0	0	0	0	0	0
Bacillus_HBL	BAH	152	0	0	0	0	0	0	0	0	0
Bac_globin	BAR	153	0	0	0	0	0	0	0	0	0
Bac_luciferase	BC10	154	0	0	0	0	0	0	0	0	0
Bac_rhamnosid	BCAS3	155	0	0	0	0	0	0	0	0	0
Bac_surface_Ag	BCS1_N	156	0	0	0	0	0	0	0	0	0
Bac_Ubq_Cox	BEN	157	0	0	0	0	0	0	0	0	0
BAG	BLOC1_2	158	0	0	0	0	0	0	0	0	0
BAH	BPD_transp_1	159	0	0	0	0	0	0	0	0	0
Band_7	BPD_transp_2	160	0	0	0	0	0	0	0	0	0
BAR	BPL_LplA_LipB	161	0	0	0	0	0	0	0	0	0
Barren	BRAP2	162	0	0	0	0	0	0	0	0	0
BC10	BRCT	163	0	0	0	0	0	0	0	0	0
BCAS3	BRE1	164	0	0	0	0	0	0	0	0	0
Bcl-2	BRICHOS	165	0	0	0	0	0	0	0	0	0
BcrAD_BadFG	BRO1	166	0	0	0	0	0	0	0	0	0
BCS1_N	BSMAP	167	0	0	0	0	0	0	0	0	0
BcsB	BTB	168	0	0	0	0	0	0	0	0	0
BEN	BUD22	169	0	0	0	0	0	0	0	0	0
Bestrophin	Bac_Ubq_Cox	170	0	0	0	0	0	0	0	0	0
Beta-Casp	Bac_globin	171	0	0	0	0	0	0	0	0	0
Beta-lactamase	Bac_luciferase	172	0	0	0	0	0	0	0	0	0
Beta-trefoil	Bac_rhamnosid	173	0	0	0	0	0	0	0	0	0
Beta_elim_lyase	Bac_surface_Ag	174	0	0	0	0	0	0	0	0	0
BLOC1_2	Bacillus_HBL	175	0	0	0	0	0	0	0	0	0
Bmp	Band_7	176	0	0	0	0	0	0	0	0	0
Bot1p	Barren	177	0	0	0	0	0	0	0	0	0
BPD_transp_1	Bcl-2	178	0	0	0	0	0	0	0	0	0
BPD_transp_2	BcrAD_BadFG	179	0	0	0	0	0	0	0	0	0
BPL_LplA_LipB	BcsB	180	0	0	0	0	0	0	0	0	0
Branch	Bestrophin	181	0	0	0	0	0	0	0	0	0
BRAP2	Beta-Casp	182	0	0	0	0	0	0	0	0	0
BRCT	Beta-lactamase	183	0	0	0	0	0	0	0	0	0
BRE1	Beta-trefoil	184	0	0	0	0	0	0	0	0	0
Bre5	Beta_elim_lyase	185	0	0	0	0	0	0	0	0	0
BRICHOS	Bmp	186	0	0	0	0	0	0	0	0	0
Brix	Bot1p	187	0	0	0	0	0	0	0	0	0
BRO1	Branch	188	0	0	0	0	0	0	0	0	0
Bromodomain	Bre5	189	0	0	0	0	0	0	0	0	0
Bromo_MP	Brix	190	0	0	0	0	0	0	0	0	0
Bromo_TP	Bromo_MP	191	0	0	0	0	0	0	0	0	0
Bse634I	Bromo_TP	192	0	0	0	0	0	0	0	0	0
BSMAP	Bromodomain	193	0	0	0	0	0	0	0	0	0
BsuBI_PstI_RE	Bse634I	194	0	0	0	0	0	0	0	0	0
BTB	BsuBI_PstI_RE	195	0	0	0	0	0	0	0	0	0
Btz	Btz	196	0	0	0	0	0	0	0	0	0
BUD22	Bunya_NS-S_2	197	0	0	0	0	0	0	0	0	0
Bunya_NS-S_2	Bunya_RdRp	198	0	0	0	0	0	0	0	0	0
Bunya_RdRp	C2-set	199	0	0	0	0	0	0	0	0	0
C2-set	C2-set_2	200	0	0	0	0	0	0	0	0	0
C2-set_2	C4dic_mal_tran	201	0	0	0	0	0	0	0	0	0
C4dic_mal_tran	CAF1	202	0	0	0	0	0	0	0	0	0
Cactin_mid	CAMSAP_CKK	203	0	0	0	0	0	0	0	0	0
Cadherin	CAP	204	0	0	0	0	0	0	0	0	0
CAF1	CARD	205	0	0	0	0	0	0	0	0	0
CagE_TrbE_VirB	CBAH	206	0	0	0	0	0	0	0	0	0
Calcipressin	CBF	207	0	0	0	0	0	0	0	0	0
CAMSAP_CKK	CBM_11	208	0	0	0	0	0	0	0	0	0
CAP	CBM_3	209	0	0	0	0	0	0	0	0	0
Capsule_synth	CBM_4_9	210	0	0	0	0	0	0	0	0	0
Caps_synth	CBM_6	211	0	0	0	0	0	0	0	0	0
Carboxyl_trans	CD20	212	0	0	0	0	0	0	0	0	0
CARD	CD34_antigen	213	0	0	0	0	0	0	0	0	0
Casc1	CD47	214	0	0	0	0	0	0	0	0	0
Casein	CDC27	215	0	0	0	0	0	0	0	0	0
Cas_Cas02710	CDC37_M	216	0	0	0	0	0	0	0	0	0
Cas_Cas1	CDC45	217	0	0	0	0	0	0	0	0	0
Cas_Cas5d	CDC48_2	218	0	0	0	0	0	0	0	0	0
Cas_Cas6	CDC48_N	219	0	0	0	0	0	0	0	0	0
Cas_Cmr3	CDC73	220	0	0	0	0	0	0	0	0	0
Cas_Csa4	CDtoxinA	221	0	0	0	0	0	0	0	0	0
Cas_Csd1	CH	222	0	0	0	0	0	0	0	0	0
Cas_Csm6	CHAD	223	0	0	0	0	0	0	0	0	0
Cas_Csy2	CHAP	224	0	0	0	0	0	0	0	0	0
Cas_DxTHG	CHASE	225	0	0	0	0	0	0	0	0	0
Cas_GSU0054	CHASE2	226	0	0	0	0	0	0	0	0	0
Cas_TM1802	CHASE3	227	0	0	0	0	0	0	0	0	0
Cation_ATPase_C	CHASE4	228	0	0	0	0	0	0	0	0	0
Cation_efflux	CHB_HEX	229	0	0	0	0	0	0	0	0	0
Cauli_VI	CHGN	230	0	0	0	0	0	0	0	0	0
CBAH	CHL4	231	0	0	0	0	0	0	0	0	0
CBF	CK1gamma_C	232	0	0	0	0	0	0	0	0	0
CbiA	CLASP_N	233	0	0	0	0	0	0	0	0	0
CbiG_mid	CMV_1a	234	0	0	0	0	0	0	0	0	0
CbiQ	CMV_US	235	0	0	0	0	0	0	0	0	0
CBM_11	CNH	236	0	0	0	0	0	0	0	0	0
CBM_3	CN_hydrolase	237	0	0	0	0	0	0	0	0	0
CBM_4_9	COG5	238	0	0	0	0	0	0	0	0	0
CBM_6	COG6	239	0	0	0	0	0	0	0	0	0
CD20	COMPASS-Shg1	240	0	0	0	0	0	0	0	0	0
CD34_antigen	COPI_assoc	241	0	0	0	0	0	0	0	0	0
CD47	COX1	242	0	0	0	0	0	0	0	0	0
CDC27	COXG	243	0	0	0	0	0	0	0	0	0
CDC37_M	CO_dh	244	0	0	0	0	0	0	0	0	0
CDC45	COesterase	245	0	0	0	0	0	0	0	0	0
CDC48_2	CPDase	246	0	0	0	0	0	0	0	0	0
CDC48_N	CPSF73-100_C	247	0	0	0	0	0	0	0	0	0
CDC73	CPSF_A	248	0	0	0	0	0	0	0	0	0
CDtoxinA	CRAL_TRIO	249	0	0	0	0	0	0	0	0	0
Cellulase	CRISPR_Cse1	250	0	0	0	0	0	0	0	0	0
CesT	CRISPR_Cse2	251	0	0	0	0	0	0	0	0	0
CH	CRISPR_assoc	252	0	0	0	0	0	0	0	0	0
CHAD	CRM1_C	253	0	0	0	0	0	0	0	0	0
Chagasin_I42	CRPV_capsid	254	0	0	0	0	0	0	0	0	0
Chalcone	CRT10	255	0	0	0	0	0	0	0	0	0
Channel_Tsx	CTK3	256	0	0	0	0	0	0	0	0	0
CHAP	CTP_transf_1	257	0	0	0	0	0	0	0	0	0
chaperone_DMP	CTP_transf_2	258	0	0	0	0	0	0	0	0	0
CHASE	CTP_transf_3	259	0	0	0	0	0	0	0	0	0
CHASE2	CUB_2	260	0	0	0	0	0	0	0	0	0
CHASE3	CYTH	261	0	0	0	0	0	0	0	0	0
CHASE4	Cactin_mid	262	0	0	0	0	0	0	0	0	0
CHB_HEX	Cadherin	263	0	0	0	0	0	0	0	0	0
CheF-arch	CagE_TrbE_VirB	264	0	0	0	0	0	0	0	0	0
CheR_N	Calcipressin	265	0	0	0	0	0	0	0	0	0
CheW	Caps_synth	266	0	0	0	0	0	0	0	0	0
CHGN	Capsule_synth	267	0	0	0	0	0	0	0	0	0
Chitin_bind_3	Carboxyl_trans	268	0	0	0	0	0	0	0	0	0
CHL4	Cas_Cas02710	269	0	0	0	0	0	0	0	0	0
Choline_kinase	Cas_Cas1	270	0	0	0	0	0	0	0	0	0
Choline_kin_N	Cas_Cas5d	271	0	0	0	0	0	0	0	0	0
Choline_transpo	Cas_Cas6	272	0	0	0	0	0	0	0	0	0
Chorion_2	Cas_Cmr3	273	0	0	0	0	0	0	0	0	0
CitMHS	Cas_Csa4	274	0	0	0	0	0	0	0	0	0
CK1gamma_C	Cas_Csd1	275	0	0	0	0	0	0	0	0	0
CLASP_N	Cas_Csm6	276	0	0	0	0	0	0	0	0	0
Clathrin	Cas_Csy2	277	0	0	0	0	0	0	0	0	0
Clathrin_propel	Cas_DxTHG	278	0	0	0	0	0	0	0	0	0
Closter_coat	Cas_GSU0054	279	0	0	0	0	0	0	0	0	0
Clostridium_P47	Cas_TM1802	280	0	0	0	0	0	0	0	0	0
Clp1	Casc1	281	0	0	0	0	0	0	0	0	0
Clr2	Casein	282	0	0	0	0	0	0	0	0	0
Cmc1	Cation_ATPase_C	283	0	0	0	0	0	0	0	0	0
CMV_1a	Cation_efflux	284	0	0	0	0	0	0	0	0	0
CMV_US	Cauli_VI	285	0	0	0	0	0	0	0	0	0
CNH	CbiA	286	0	0	0	0	0	0	0	0	0
cNMP_binding	CbiG_mid	287	0	0	0	0	0	0	0	0	0
CN_hydrolase	CbiQ	288	0	0	0	0	0	0	0	0	0
Coatamer_beta_C	Cellulase	289	0	0	0	0	0	0	0	0	0
Coatomer_WDAD	CesT	290	0	0	0	0	0	0	0	0	0
CoA_trans	Chagasin_I42	291	0	0	0	0	0	0	0	0	0
COesterase	Chalcone	292	0	0	0	0	0	0	0	0	0
Cofilin_ADF	Channel_Tsx	293	0	0	0	0	0	0	0	0	0
COG5	CheF-arch	294	0	0	0	0	0	0	0	0	0
COG6	CheR_N	295	0	0	0	0	0	0	0	0	0
Cohesin	CheW	296	0	0	0	0	0	0	0	0	0
Cohesin_load	Chitin_bind_3	297	0	0	0	0	0	0	0	0	0
CoiA	Choline_kin_N	298	0	0	0	0	0	0	0	0	0
Colicin_V	Choline_kinase	299	0	0	0	0	0	0	0	0	0
Collagen_bind	Choline_transpo	300	0	0	0	0	0	0	0	0	0
COMPASS-Shg1	Chorion_2	301	0	0	0	0	0	0	0	0	0
Complex1_LYR	CitMHS	302	0	0	0	0	0	0	0	0	0
Condensation	Clathrin	303	0	0	0	0	0	0	0	0	0
Condensin2nSMC	Clathrin_propel	304	0	0	0	0	0	0	0	0	0
CopD	Closter_coat	305	0	0	0	0	0	0	0	0	0
COPI_assoc	Clostridium_P47	306	0	0	0	0	0	0	0	0	0
CorA	Clp1	307	0	0	0	0	0	0	0	0	0
Corona_S1	Clr2	308	0	0	0	0	0	0	0	0	0
CotH	Cmc1	309	0	0	0	0	0	0	0	0	0
COX1	CoA_trans	310	0	0	0	0	0	0	0	0	0
COXG	Coatamer_beta_C	311	0	0	0	0	0	0	0	0	0
CO_dh	Coatomer_WDAD	312	0	0	0	0	0	0	0	0	0
CPDase	Cofilin_ADF	313	0	0	0	0	0	0	0	0	0
Cpn60_TCP1	Cohesin	314	0	0	0	0	0	0	0	0	0
CPSF73-100_C	Cohesin_load	315	0	0	0	0	0	0	0	0	0
CPSF_A	CoiA	316	0	0	0	0	0	0	0	0	0
CRAL_TRIO	Colicin_V	317	0	0	0	0	0	0	0	0	0
Creatinase_N	Collagen_bind	318	0	0	0	0	0	0	0	0	0
Creatininase	Complex1_LYR	319	0	0	0	0	0	0	0	0	0
CRISPR_assoc	Condensation	320	0	0	0	0	0	0	0	0	0
CRISPR_Cse1	Condensin2nSMC	321	0	0	0	0	0	0	0	0	0
CRISPR_Cse2	CopD	322	0	0	0	0	0	0	0	0	0
CRM1_C	CorA	323	0	0	0	0	0	0	0	0	0
CRPV_capsid	Corona_S1	324	0	0	0	0	0	0	0	0	0
CRT10	CotH	325	0	0	0	0	0	0	0	0	0
CrtC	Cpn60_TCP1	326	0	0	0	0	0	0	0	0	0
Cryptochrome_C	Creatinase_N	327	0	0	0	0	0	0	0	0	0
CTK3	Creatininase	328	0	0	0	0	0	0	0	0	0
CTP_transf_1	CrtC	329	0	0	0	0	0	0	0	0	0
CTP_transf_2	Cryptochrome_C	330	0	0	0	0	0	0	0	0	0
CTP_transf_3	Cu-oxidase	331	0	0	0	0	0	0	0	0	0
Cu-oxidase	Cu-oxidase_2	332	0	0	0	0	0	0	0	0	0
Cu-oxidase_2	Cu2_monoox_C	333	0	0	0	0	0	0	0	0	0
Cu2_monoox_C	Cu_amine_oxidN1	334	0	0	0	0	0	0	0	0	0
CUB_2	Cu_amine_oxidN3	335	0	0	0	0	0	0	0	0	0
Cullin	Cullin	336	0	0	0	0	0	0	0	0	0
Cupin_1	Cupin_1	337	0	0	0	0	0	0	0	0	0
Cupin_4	Cupin_4	338	0	0	0	0	0	0	0	0	0
Cut8	Cut8	339	0	0	0	0	0	0	0	0	0
Cu_amine_oxidN1	Cyclase	340	0	0	0	0	0	0	0	0	0
Cu_amine_oxidN3	Cyclin_C	341	0	0	0	0	0	0	0	0	0
Cyclase	Cyclin_N	342	0	0	0	0	0	0	0	0	0
Cyclin_C	Cys_knot	343	0	0	0	0	0	0	0	0	0
Cyclin_N	Cystatin	344	0	0	0	0	0	0	0	0	0
Cystatin	CytochromB561_N	345	0	0	0	0	0	0	0	0	0
Cys_knot	Cytochrom_B_N	346	0	0	0	0	0	0	0	0	0
CYTH	Cytochrom_C	347	0	0	0	0	0	0	0	0	0
CytochromB561_N	Cytochrom_C_asm	348	0	0	0	0	0	0	0	0	0
Cytochrom_B_N	Cytochrom_D1	349	0	0	0	0	0	0	0	0	0
Cytochrom_C	D5_N	350	0	0	0	0	0	0	0	0	0
Cytochrom_C_asm	DALR_1	351	0	0	0	0	0	0	0	0	0
Cytochrom_D1	DAO	352	0	0	0	0	0	0	0	0	0
D5_N	DAP3	353	0	0	0	0	0	0	0	0	0
Dabb	DAP_epimerase	354	0	0	0	0	0	0	0	0	0
DALR_1	DASH_Spc34	355	0	0	0	0	0	0	0	0	0
DAO	DC_STAMP	356	0	0	0	0	0	0	0	0	0
DAP3	DDE	357	0	0	0	0	0	0	0	0	0
DAP_epimerase	DEAD	358	0	0	0	0	0	0	0	0	0
DASH_Spc34	DER1	359	0	0	0	0	0	0	0	0	0
DctM	DHC_N1	360	0	0	0	0	0	0	0	0	0
DctQ	DHC_N2	361	0	0	0	0	0	0	0	0	0
DcuC	DHH	362	0	0	0	0	0	0	0	0	0
DC_STAMP	DHQ_synthase	363	0	0	0	0	0	0	0	0	0
DDE	DJ-1_PfpI	364	0	0	0	0	0	0	0	0	0
dDENN	DLH	365	0	0	0	0	0	0	0	0	0
DEAD	DMAP_binding	366	0	0	0	0	0	0	0	0	0
DegV	DNA_PPF	367	0	0	0	0	0	0	0	0	0
Dehydrin	DNA_alkylation	368	0	0	0	0	0	0	0	0	0
DeoC	DNA_gyraseB	369	0	0	0	0	0	0	0	0	0
DER1	DNA_ligase_A_M	370	0	0	0	0	0	0	0	0	0
DHC_N1	DNA_ligase_A_N	371	0	0	0	0	0	0	0	0	0
DHC_N2	DNA_methylase	372	0	0	0	0	0	0	0	0	0
DHH	DNA_pol3_alph_N	373	0	0	0	0	0	0	0	0	0
DHQ_synthase	DNA_pol3_delta	374	0	0	0	0	0	0	0	0	0
DinB	DNA_pol_A	375	0	0	0	0	0	0	0	0	0
DJ-1_PfpI	DNA_pol_B	376	0	0	0	0	0	0	0	0	0
DLH	DNA_pol_B_2	377	0	0	0	0	0	0	0	0	0
DMAP_binding	DNA_pol_B_exo	378	0	0	0	0	0	0	0	0	0
DmsC	DNA_pol_E_B	379	0	0	0	0	0	0	0	0	0
DnaG_DnaB_bind	DNA_pol_phi	380	0	0	0	0	0	0	0	0	0
DNA_alkylation	DNA_primase_S	381	0	0	0	0	0	0	0	0	0
DNA_gyraseB	DNA_primase_lrg	382	0	0	0	0	0	0	0	0	0
DNA_ligase_A_M	DNMT1-RFD	383	0	0	0	0	0	0	0	0	0
DNA_ligase_A_N	DOMON	384	0	0	0	0	0	0	0	0	0
DNA_methylase	DPPIV_N	385	0	0	0	0	0	0	0	0	0
DNA_pol3_alph_N	DSBA	386	0	0	0	0	0	0	0	0	0
DNA_pol3_delta	DSL1	387	0	0	0	0	0	0	0	0	0
DNA_pol_A	DSPc	388	0	0	0	0	0	0	0	0	0
DNA_pol_B	DTW	389	0	0	0	0	0	0	0	0	0
DNA_pol_B_2	DUF1007	390	0	0	0	0	0	0	0	0	0
DNA_pol_B_exo	DUF1015	391	0	0	0	0	0	0	0	0	0
DNA_pol_E_B	DUF1034	392	0	0	0	0	0	0	0	0	0
DNA_pol_phi	DUF1042	393	0	0	0	0	0	0	0	0	0
DNA_PPF	DUF1053	394	0	0	0	0	0	0	0	0	0
DNA_primase_lrg	DUF106	395	0	0	0	0	0	0	0	0	0
DNA_primase_S	DUF1073	396	0	0	0	0	0	0	0	0	0
dNK	DUF1080	397	0	0	0	0	0	0	0	0	0
DNMT1-RFD	DUF1081	398	0	0	0	0	0	0	0	0	0
DOMON	DUF1102	399	0	0	0	0	0	0	0	0	0
Dor1	DUF1115	400	0	0	0	0	0	0	0	0	0
DoxA	DUF1142	401	0	0	0	0	0	0	0	0	0
Dpoe2NT	DUF116	402	0	0	0	0	0	0	0	0	0
DPPIV_N	DUF1162	403	0	0	0	0	0	0	0	0	0
Dpy19	DUF1173	404	0	0	0	0	0	0	0	0	0
Drf_FH3	DUF1235	405	0	0	0	0	0	0	0	0	0
Drf_GBD	DUF1239	406	0	0	0	0	0	0	0	0	0
Drmip_Hesp	DUF124	407	0	0	0	0	0	0	0	0	0
DrsE	DUF1282	408	0	0	0	0	0	0	0	0	0
DSBA	DUF1308	409	0	0	0	0	0	0	0	0	0
DsbB	DUF1314	410	0	0	0	0	0	0	0	0	0
DsbD	DUF1326	411	0	0	0	0	0	0	0	0	0
DSL1	DUF1329	412	0	0	0	0	0	0	0	0	0
DSPc	DUF1351	413	0	0	0	0	0	0	0	0	0
dsrm	DUF1390	414	0	0	0	0	0	0	0	0	0
DTW	DUF1393	415	0	0	0	0	0	0	0	0	0
DUF1007	DUF1395	416	0	0	0	0	0	0	0	0	0
DUF1015	DUF1397	417	0	0	0	0	0	0	0	0	0
DUF1034	DUF1406	418	0	0	0	0	0	0	0	0	0
DUF1042	DUF1410	419	0	0	0	0	0	0	0	0	0
DUF1053	DUF1430	420	0	0	0	0	0	0	0	0	0
DUF106	DUF1439	421	0	0	0	0	0	0	0	0	0
DUF1073	DUF1444	422	0	0	0	0	0	0	0	0	0
DUF1080	DUF1469	423	0	0	0	0	0	0	0	0	0
DUF1081	DUF1470	424	0	0	0	0	0	0	0	0	0
DUF1102	DUF148	425	0	0	0	0	0	0	0	0	0
DUF1115	DUF1481	426	0	0	0	0	0	0	0	0	0
DUF1142	DUF1501	427	0	0	0	0	0	0	0	0	0
DUF116	DUF155	428	0	0	0	0	0	0	0	0	0
DUF1162	DUF1551	429	0	0	0	0	0	0	0	0	0
DUF1173	DUF1569	430	0	0	0	0	0	0	0	0	0
DUF1235	DUF1574	431	0	0	0	0	0	0	0	0	0
DUF1239	DUF1577	432	0	0	0	0	0	0	0	0	0
DUF124	DUF159	433	0	0	0	0	0	0	0	0	0
DUF1282	DUF1600	434	0	0	0	0	0	0	0	0	0
DUF1308	DUF1605	435	0	0	0	0	0	0	0	0	0
DUF1314	DUF1611	436	0	0	0	0	0	0	0	0	0
DUF1326	DUF1619	437	0	0	0	0	0	0	0	0	0
DUF1329	DUF1625	438	0	0	0	0	0	0	0	0	0
DUF1351	DUF1631	439	0	0	0	0	0	0	0	0	0
DUF1390	DUF1638	440	0	0	0	0	0	0	0	0	0
DUF1393	DUF1642	441	0	0	0	0	0	0	0	0	0
DUF1395	DUF165	442	0	0	0	0	0	0	0	0	0
DUF1397	DUF1658	443	0	0	0	0	0	0	0	0	0
DUF1406	DUF1662	444	0	0	0	0	0	0	0	0	0
DUF1410	DUF1668	445	0	0	0	0	0	0	0	0	0
DUF1430	DUF1673	446	0	0	0	0	0	0	0	0	0
DUF1439	DUF1676	447	0	0	0	0	0	0	0	0	0
DUF1444	DUF1680	448	0	0	0	0	0	0	0	0	0
DUF1469	DUF1682	449	0	0	0	0	0	0	0	0	0
DUF1470	DUF1689	450	0	0	0	0	0	0	0	0	0
DUF148	DUF169	451	0	0	0	0	0	0	0	0	0
DUF1481	DUF1691	452	0	0	0	0	0	0	0	0	0
DUF1501	DUF1703	453	0	0	0	0	0	0	0	0	0
DUF155	DUF1708	454	0	0	0	0	0	0	0	0	0
DUF1551	DUF1712	455	0	0	0	0	0	0	0	0	0
DUF1569	DUF1740	456	0	0	0	0	0	0	0	0	0
DUF1574	DUF1741	457	0	0	0	0	0	0	0	0	0
DUF1577	DUF1743	458	0	0	0	0	0	0	0	0	0
DUF159	DUF1767	459	0	0	0	0	0	0	0	0	0
DUF1600	DUF1772	460	0	0	0	0	0	0	0	0	0
DUF1605	DUF1779	461	0	0	0	0	0	0	0	0	0
DUF1611	DUF178	462	0	0	0	0	0	0	0	0	0
DUF1619	DUF1790	463	0	0	0	0	0	0	0	0	0
DUF1625	DUF1796	464	0	0	0	0	0	0	0	0	0
DUF1631	DUF1801	465	0	0	0	0	0	0	0	0	0
DUF1638	DUF1812	466	0	0	0	0	0	0	0	0	0
DUF1642	DUF1814	467	0	0	0	0	0	0	0	0	0
DUF165	DUF1819	468	0	0	0	0	0	0	0	0	0
DUF1658	DUF1822	469	0	0	0	0	0	0	0	0	0
DUF1662	DUF1833	470	0	0	0	0	0	0	0	0	0
DUF1668	DUF1834	471	0	0	0	0	0	0	0	0	0
DUF1673	DUF1835	472	0	0	0	0	0	0	0	0	0
DUF1676	DUF1837	473	0	0	0	0	0	0	0	0	0
DUF1680	DUF185	474	0	0	0	0	0	0	0	0	0
DUF1682	DUF1853	475	0	0	0	0	0	0	0	0	0
DUF1689	DUF1863	476	0	0	0	0	0	0	0	0	0
DUF169	DUF187	477	0	0	0	0	0	0	0	0	0
DUF1691	DUF19	478	0	0	0	0	0	0	0	0	0
DUF1703	DUF1910	479	0	0	0	0	0	0	0	0	0
DUF1708	DUF1914	480	0	0	0	0	0	0	0	0	0
DUF1712	DUF1917	481	0	0	0	0	0	0	0	0	0
DUF1740	DUF1926	482	0	0	0	0	0	0	0	0	0
DUF1741	DUF1943	483	0	0	0	0	0	0	0	0	0
DUF1743	DUF1956	484	0	0	0	0	0	0	0	0	0
DUF1767	DUF1963	485	0	0	0	0	0	0	0	0	0
DUF1772	DUF1975	486	0	0	0	0	0	0	0	0	0
DUF1779	DUF1976	487	0	0	0	0	0	0	0	0	0
DUF178	DUF1978	488	0	0	0	0	0	0	0	0	0
DUF1790	DUF1980	489	0	0	0	0	0	0	0	0	0
DUF1796	DUF1995	490	0	0	0	0	0	0	0	0	0
DUF1801	DUF1997	491	0	0	0	0	0	0	0	0	0
DUF1812	DUF2029	492	0	0	0	0	0	0	0	0	0
DUF1814	DUF2036	493	0	0	0	0	0	0	0	0	0
DUF1819	DUF2044	494	0	0	0	0	0	0	0	0	0
DUF1822	DUF2057	495	0	0	0	0	0	0	0	0	0
DUF1833	DUF2059	496	0	0	0	0	0	0	0	0	0
DUF1834	DUF2062	497	0	0	0	0	0	0	0	0	0
DUF1835	DUF2066	498	0	0	0	0	0	0	0	0	0
DUF1837	DUF2070	499	0	0	0	0	0	0	0	0	0
DUF185	DUF2074	500	0	0	0	0	0	0	0	0	0
DUF1853	DUF2075	501	0	0	0	0	0	0	0	0	0
DUF1863	DUF2077	502	0	0	0	0	0	0	0	0	0
DUF187	DUF2079	503	0	0	0	0	0	0	0	0	0
DUF19	DUF2081	504	0	0	0	0	0	0	0	0	0
DUF1910	DUF21	505	0	0	0	0	0	0	0	0	0
DUF1914	DUF2125	506	0	0	0	0	0	0	0	0	0
DUF1917	DUF2127	507	0	0	0	0	0	0	0	0	0
DUF1926	DUF2130	508	0	0	0	0	0	0	0	0	0
DUF1943	DUF2134	509	0	0	0	0	0	0	0	0	0
DUF1956	DUF2135	510	0	0	0	0	0	0	0	0	0
DUF1963	DUF2142	511	0	0	0	0	0	0	0	0	0
DUF1975	DUF2154	512	0	0	0	0	0	0	0	0	0
DUF1976	DUF2156	513	0	0	0	0	0	0	0	0	0
DUF1978	DUF2163	514	0	0	0	0	0	0	0	0	0
DUF1980	DUF2178	515	0	0	0	0	0	0	0	0	0
DUF1995	DUF218	516	0	0	0	0	0	0	0	0	0
DUF1997	DUF2184	517	0	0	0	0	0	0	0	0	0
DUF2029	DUF2186	518	0	0	0	0	0	0	0	0	0
DUF2036	DUF2189	519	0	0	0	0	0	0	0	0	0
DUF2044	DUF2194	520	0	0	0	0	0	0	0	0	0
DUF2057	DUF2201	521	0	0	0	0	0	0	0	0	0
DUF2059	DUF2206	522	0	0	0	0	0	0	0	0	0
DUF2062	DUF2207	523	0	0	0	0	0	0	0	0	0
DUF2066	DUF2208	524	0	0	0	0	0	0	0	0	0
DUF2070	DUF221	525	0	0	0	0	0	0	0	0	0
DUF2074	DUF2215	526	0	0	0	0	0	0	0	0	0
DUF2075	DUF2219	527	0	0	0	0	0	0	0	0	0
DUF2077	DUF222	528	0	0	0	0	0	0	0	0	0
DUF2079	DUF2225	529	0	0	0	0	0	0	0	0	0
DUF2081	DUF2226	530	0	0	0	0	0	0	0	0	0
DUF21	DUF2232	531	0	0	0	0	0	0	0	0	0
DUF2125	DUF2246	532	0	0	0	0	0	0	0	0	0
DUF2127	DUF2247	533	0	0	0	0	0	0	0	0	0
DUF2130	DUF2259	534	0	0	0	0	0	0	0	0	0
DUF2134	DUF2260	535	0	0	0	0	0	0	0	0	0
DUF2135	DUF2268	536	0	0	0	0	0	0	0	0	0
DUF2142	DUF2269	537	0	0	0	0	0	0	0	0	0
DUF2154	DUF227	538	0	0	0	0	0	0	0	0	0
DUF2156	DUF2275	539	0	0	0	0	0	0	0	0	0
DUF2163	DUF2276	540	0	0	0	0	0	0	0	0	0
DUF2178	DUF2291	541	0	0	0	0	0	0	0	0	0
DUF218	DUF2298	542	0	0	0	0	0	0	0	0	0
DUF2184	DUF23	543	0	0	0	0	0	0	0	0	0
DUF2186	DUF2300	544	0	0	0	0	0	0	0	0	0
DUF2189	DUF2303	545	0	0	0	0	0	0	0	0	0
DUF2194	DUF2313	546	0	0	0	0	0	0	0	0	0
DUF2201	DUF2318	547	0	0	0	0	0	0	0	0	0
DUF2206	DUF2320	548	0	0	0	0	0	0	0	0	0
DUF2207	DUF2324	549	0	0	0	0	0	0	0	0	0
DUF2208	DUF2325	550	0	0	0	0	0	0	0	0	0
DUF221	DUF2326	551	0	0	0	0	0	0	0	0	0
DUF2215	DUF2328	552	0	0	0	0	0	0	0	0	0
DUF2219	DUF2329	553	0	0	0	0	0	0	0	0	0
DUF222	DUF2334	554	0	0	0	0	0	0	0	0	0
DUF2225	DUF2336	555	0	0	0	0	0	0	0	0	0
DUF2226	DUF2339	556	0	0	0	0	0	0	0	0	0
DUF2232	DUF2347	557	0	0	0	0	0	0	0	0	0
DUF2246	DUF2351	558	0	0	0	0	0	0	0	0	0
DUF2247	DUF2352	559	0	0	0	0	0	0	0	0	0
DUF2259	DUF2357	560	0	0	0	0	0	0	0	0	0
DUF2260	DUF2369	561	0	0	0	0	0	0	0	0	0
DUF2268	DUF2370	562	0	0	0	0	0	0	0	0	0
DUF2269	DUF2397	563	0	0	0	0	0	0	0	0	0
DUF227	DUF2398	564	0	0	0	0	0	0	0	0	0
DUF2275	DUF241	565	0	0	0	0	0	0	0	0	0
DUF2276	DUF2413	566	0	0	0	0	0	0	0	0	0
DUF2291	DUF2422	567	0	0	0	0	0	0	0	0	0
DUF2298	DUF2454	568	0	0	0	0	0	0	0	0	0
DUF23	DUF2490	569	0	0	0	0	0	0	0	0	0
DUF2300	DUF2505	570	0	0	0	0	0	0	0	0	0
DUF2303	DUF2569	571	0	0	0	0	0	0	0	0	0
DUF2313	DUF257	572	0	0	0	0	0	0	0	0	0
DUF2318	DUF2580	573	0	0	0	0	0	0	0	0	0
DUF2320	DUF2581	574	0	0	0	0	0	0	0	0	0
DUF2324	DUF2589	575	0	0	0	0	0	0	0	0	0
DUF2325	DUF2608	576	0	0	0	0	0	0	0	0	0
DUF2326	DUF262	577	0	0	0	0	0	0	0	0	0
DUF2328	DUF2628	578	0	0	0	0	0	0	0	0	0
DUF2329	DUF2726	579	0	0	0	0	0	0	0	0	0
DUF2334	DUF2738	580	0	0	0	0	0	0	0	0	0
DUF2336	DUF2781	581	0	0	0	0	0	0	0	0	0
DUF2339	DUF2797	582	0	0	0	0	0	0	0	0	0
DUF2347	DUF2803	583	0	0	0	0	0	0	0	0	0
DUF2351	DUF2804	584	0	0	0	0	0	0	0	0	0
DUF2352	DUF2807	585	0	0	0	0	0	0	0	0	0
DUF2357	DUF2808	586	0	0	0	0	0	0	0	0	0
DUF2369	DUF2813	587	0	0	0	0	0	0	0	0	0
DUF2370	DUF2838	588	0	0	0	0	0	0	0	0	0
DUF2397	DUF2846	589	0	0	0	0	0	0	0	0	0
DUF2398	DUF2857	590	0	0	0	0	0	0	0	0	0
DUF241	DUF2861	591	0	0	0	0	0	0	0	0	0
DUF2413	DUF2867	592	0	0	0	0	0	0	0	0	0
DUF2422	DUF2868	593	0	0	0	0	0	0	0	0	0
DUF2454	DUF2886	594	0	0	0	0	0	0	0	0	0
DUF2490	DUF2899	595	0	0	0	0	0	0	0	0	0
DUF2505	DUF2910	596	0	0	0	0	0	0	0	0	0
DUF2569	DUF2913	597	0	0	0	0	0	0	0	0	0
DUF257	DUF2921	598	0	0	0	0	0	0	0	0	0
DUF2580	DUF2927	599	0	0	0	0	0	0	0	0	0
DUF2581	DUF2931	600	0	0	0	0	0	0	0	0	0
DUF2589	DUF2937	601	0	0	0	0	0	0	0	0	0
DUF2608	DUF2946	602	0	0	0	0	0	0	0	0	0
DUF262	DUF2955	603	0	0	0	0	0	0	0	0	0
DUF2628	DUF297	604	0	0	0	0	0	0	0	0	0
DUF2726	DUF3021	605	0	0	0	0	0	0	0	0	0
DUF2738	DUF3023	606	0	0	0	0	0	0	0	0	0
DUF2781	DUF3036	607	0	0	0	0	0	0	0	0	0
DUF2797	DUF304	608	0	0	0	0	0	0	0	0	0
DUF2803	DUF3074	609	0	0	0	0	0	0	0	0	0
DUF2804	DUF3080	610	0	0	0	0	0	0	0	0	0
DUF2807	DUF3108	611	0	0	0	0	0	0	0	0	0
DUF2808	DUF3137	612	0	0	0	0	0	0	0	0	0
DUF2813	DUF3150	613	0	0	0	0	0	0	0	0	0
DUF2838	DUF3153	614	0	0	0	0	0	0	0	0	0
DUF2846	DUF3154	615	0	0	0	0	0	0	0	0	0
DUF2857	DUF316	616	0	0	0	0	0	0	0	0	0
DUF2861	DUF3161	617	0	0	0	0	0	0	0	0	0
DUF2867	DUF3169	618	0	0	0	0	0	0	0	0	0
DUF2868	DUF3179	619	0	0	0	0	0	0	0	0	0
DUF2886	DUF318	620	0	0	0	0	0	0	0	0	0
DUF2899	DUF3196	621	0	0	0	0	0	0	0	0	0
DUF2910	DUF3210	622	0	0	0	0	0	0	0	0	0
DUF2913	DUF3231	623	0	0	0	0	0	0	0	0	0
DUF2921	DUF3250	624	0	0	0	0	0	0	0	0	0
DUF2927	DUF3261	625	0	0	0	0	0	0	0	0	0
DUF2931	DUF3284	626	0	0	0	0	0	0	0	0	0
DUF2937	DUF3296	627	0	0	0	0	0	0	0	0	0
DUF2946	DUF3308	628	0	0	0	0	0	0	0	0	0
DUF2955	DUF3313	629	0	0	0	0	0	0	0	0	0
DUF297	DUF3318	630	0	0	0	0	0	0	0	0	0
DUF3021	DUF3322	631	0	0	0	0	0	0	0	0	0
DUF3023	DUF3323	632	0	0	0	0	0	0	0	0	0
DUF3036	DUF3328	633	0	0	0	0	0	0	0	0	0
DUF304	DUF3332	634	0	0	0	0	0	0	0	0	0
DUF3074	DUF3333	635	0	0	0	0	0	0	0	0	0
DUF3080	DUF3336	636	0	0	0	0	0	0	0	0	0
DUF3108	DUF3337	637	0	0	0	0	0	0	0	0	0
DUF3137	DUF3342	638	0	0	0	0	0	0	0	0	0
DUF3150	DUF3343	639	0	0	0	0	0	0	0	0	0
DUF3153	DUF3347	640	0	0	0	0	0	0	0	0	0
DUF3154	DUF3351	641	0	0	0	0	0	0	0	0	0
DUF316	DUF3352	642	0	0	0	0	0	0	0	0	0
DUF3161	DUF3358	643	0	0	0	0	0	0	0	0	0
DUF3169	DUF3365	644	0	0	0	0	0	0	0	0	0
DUF3179	DUF3366	645	0	0	0	0	0	0	0	0	0
DUF318	DUF3369	646	0	0	0	0	0	0	0	0	0
DUF3196	DUF3374	647	0	0	0	0	0	0	0	0	0
DUF3210	DUF3375	648	0	0	0	0	0	0	0	0	0
DUF3231	DUF3376	649	0	0	0	0	0	0	0	0	0
DUF3250	DUF3383	650	0	0	0	0	0	0	0	0	0
DUF3261	DUF3384	651	0	0	0	0	0	0	0	0	0
DUF3284	DUF3385	652	0	0	0	0	0	0	0	0	0
DUF3296	DUF3386	653	0	0	0	0	0	0	0	0	0
DUF3308	DUF3390	654	0	0	0	0	0	0	0	0	0
DUF3313	DUF3391	655	0	0	0	0	0	0	0	0	0
DUF3318	DUF3395	656	0	0	0	0	0	0	0	0	0
DUF3322	DUF3397	657	0	0	0	0	0	0	0	0	0
DUF3323	DUF3408	658	0	0	0	0	0	0	0	0	0
DUF3328	DUF3413	659	0	0	0	0	0	0	0	0	0
DUF3332	DUF3414	660	0	0	0	0	0	0	0	0	0
DUF3333	DUF3419	661	0	0	0	0	0	0	0	0	0
DUF3336	DUF342	662	0	0	0	0	0	0	0	0	0
DUF3337	DUF3422	663	0	0	0	0	0	0	0	0	0
DUF3342	DUF3424	664	0	0	0	0	0	0	0	0	0
DUF3343	DUF3425	665	0	0	0	0	0	0	0	0	0
DUF3347	DUF3426	666	0	0	0	0	0	0	0	0	0
DUF3351	DUF3430	667	0	0	0	0	0	0	0	0	0
DUF3352	DUF3433	668	0	0	0	0	0	0	0	0	0
DUF3358	DUF3442	669	0	0	0	0	0	0	0	0	0
DUF3365	DUF3450	670	0	0	0	0	0	0	0	0	0
DUF3366	DUF3451	671	0	0	0	0	0	0	0	0	0
DUF3369	DUF3452	672	0	0	0	0	0	0	0	0	0
DUF3374	DUF3453	673	0	0	0	0	0	0	0	0	0
DUF3375	DUF3458	674	0	0	0	0	0	0	0	0	0
DUF3376	DUF3465	675	0	0	0	0	0	0	0	0	0
DUF3383	DUF3466	676	0	0	0	0	0	0	0	0	0
DUF3384	DUF3467	677	0	0	0	0	0	0	0	0	0
DUF3385	DUF3468	678	0	0	0	0	0	0	0	0	0
DUF3386	DUF3469	679	0	0	0	0	0	0	0	0	0
DUF3390	DUF3471	680	0	0	0	0	0	0	0	0	0
DUF3391	DUF3472	681	0	0	0	0	0	0	0	0	0
DUF3395	DUF3473	682	0	0	0	0	0	0	0	0	0
DUF3397	DUF3482	683	0	0	0	0	0	0	0	0	0
DUF3408	DUF3485	684	0	0	0	0	0	0	0	0	0
DUF3413	DUF3486	685	0	0	0	0	0	0	0	0	0
DUF3414	DUF3495	686	0	0	0	0	0	0	0	0	0
DUF3419	DUF3497	687	0	0	0	0	0	0	0	0	0
DUF342	DUF3500	688	0	0	0	0	0	0	0	0	0
DUF3422	DUF3504	689	0	0	0	0	0	0	0	0	0
DUF3424	DUF3505	690	0	0	0	0	0	0	0	0	0
DUF3425	DUF3508	691	0	0	0	0	0	0	0	0	0
DUF3426	DUF3510	692	0	0	0	0	0	0	0	0	0
DUF3430	DUF3514	693	0	0	0	0	0	0	0	0	0
DUF3433	DUF3522	694	0	0	0	0	0	0	0	0	0
DUF3442	DUF3526	695	0	0	0	0	0	0	0	0	0
DUF3450	DUF3530	696	0	0	0	0	0	0	0	0	0
DUF3451	DUF3533	697	0	0	0	0	0	0	0	0	0
DUF3452	DUF3535	698	0	0	0	0	0	0	0	0	0
DUF3453	DUF3548	699	0	0	0	0	0	0	0	0	0
DUF3458	DUF3554	700	0	0	0	0	0	0	0	0	0
DUF3465	DUF3557	701	0	0	0	0	0	0	0	0	0
DUF3466	DUF3558	702	0	0	0	0	0	0	0	0	0
DUF3467	DUF3559	703	0	0	0	0	0	0	0	0	0
DUF3468	DUF3570	704	0	0	0	0	0	0	0	0	0
DUF3469	DUF3578	705	0	0	0	0	0	0	0	0	0
DUF3471	DUF3582	706	0	0	0	0	0	0	0	0	0
DUF3472	DUF3584	707	0	0	0	0	0	0	0	0	0
DUF3473	DUF3592	708	0	0	0	0	0	0	0	0	0
DUF3482	DUF3595	709	0	0	0	0	0	0	0	0	0
DUF3485	DUF3598	710	0	0	0	0	0	0	0	0	0
DUF3486	DUF3602	711	0	0	0	0	0	0	0	0	0
DUF3495	DUF3607	712	0	0	0	0	0	0	0	0	0
DUF3497	DUF3616	713	0	0	0	0	0	0	0	0	0
DUF3500	DUF3617	714	0	0	0	0	0	0	0	0	0
DUF3504	DUF3620	715	0	0	0	0	0	0	0	0	0
DUF3505	DUF3627	716	0	0	0	0	0	0	0	0	0
DUF3508	DUF3630	717	0	0	0	0	0	0	0	0	0
DUF3510	DUF3632	718	0	0	0	0	0	0	0	0	0
DUF3514	DUF364	719	0	0	0	0	0	0	0	0	0
DUF3522	DUF3644	720	0	0	0	0	0	0	0	0	0
DUF3526	DUF3648	721	0	0	0	0	0	0	0	0	0
DUF3530	DUF3651	722	0	0	0	0	0	0	0	0	0
DUF3533	DUF3652	723	0	0	0	0	0	0	0	0	0
DUF3535	DUF3653	724	0	0	0	0	0	0	0	0	0
DUF3548	DUF3657	725	0	0	0	0	0	0	0	0	0
DUF3554	DUF3658	726	0	0	0	0	0	0	0	0	0
DUF3557	DUF3669	727	0	0	0	0	0	0	0	0	0
DUF3558	DUF3671	728	0	0	0	0	0	0	0	0	0
DUF3559	DUF3672	729	0	0	0	0	0	0	0	0	0
DUF3570	DUF3673	730	0	0	0	0	0	0	0	0	0
DUF3578	DUF3677	731	0	0	0	0	0	0	0	0	0
DUF3582	DUF3678	732	0	0	0	0	0	0	0	0	0
DUF3584	DUF3692	733	0	0	0	0	0	0	0	0	0
DUF3592	DUF3693	734	0	0	0	0	0	0	0	0	0
DUF3595	DUF3694	735	0	0	0	0	0	0	0	0	0
DUF3598	DUF3698	736	0	0	0	0	0	0	0	0	0
DUF3602	DUF3699	737	0	0	0	0	0	0	0	0	0
DUF3607	DUF3707	738	0	0	0	0	0	0	0	0	0
DUF3616	DUF3712	739	0	0	0	0	0	0	0	0	0
DUF3617	DUF3713	740	0	0	0	0	0	0	0	0	0
DUF3620	DUF3715	741	0	0	0	0	0	0	0	0	0
DUF3627	DUF3719	742	0	0	0	0	0	0	0	0	0
DUF3630	DUF3723	743	0	0	0	0	0	0	0	0	0
DUF3632	DUF3730	744	0	0	0	0	0	0	0	0	0
DUF364	DUF3732	745	0	0	0	0	0	0	0	0	0
DUF3644	DUF3734	746	0	0	0	0	0	0	0	0	0
DUF3648	DUF3736	747	0	0	0	0	0	0	0	0	0
DUF3651	DUF3738	748	0	0	0	0	0	0	0	0	0
DUF3652	DUF3740	749	0	0	0	0	0	0	0	0	0
DUF3653	DUF3752	750	0	0	0	0	0	0	0	0	0
DUF3657	DUF3754	751	0	0	0	0	0	0	0	0	0
DUF3658	DUF377	752	0	0	0	0	0	0	0	0	0
DUF3669	DUF3770	753	0	0	0	0	0	0	0	0	0
DUF3671	DUF3773	754	0	0	0	0	0	0	0	0	0
DUF3672	DUF3776	755	0	0	0	0	0	0	0	0	0
DUF3673	DUF393	756	0	0	0	0	0	0	0	0	0
DUF3677	DUF424	757	0	0	0	0	0	0	0	0	0
DUF3678	DUF429	758	0	0	0	0	0	0	0	0	0
DUF3692	DUF443	759	0	0	0	0	0	0	0	0	0
DUF3693	DUF445	760	0	0	0	0	0	0	0	0	0
DUF3694	DUF481	761	0	0	0	0	0	0	0	0	0
DUF3698	DUF490	762	0	0	0	0	0	0	0	0	0
DUF3699	DUF507	763	0	0	0	0	0	0	0	0	0
DUF3707	DUF512	764	0	0	0	0	0	0	0	0	0
DUF3712	DUF515	765	0	0	0	0	0	0	0	0	0
DUF3713	DUF524	766	0	0	0	0	0	0	0	0	0
DUF3715	DUF540	767	0	0	0	0	0	0	0	0	0
DUF3719	DUF55	768	0	0	0	0	0	0	0	0	0
DUF3723	DUF567	769	0	0	0	0	0	0	0	0	0
DUF3730	DUF571	770	0	0	0	0	0	0	0	0	0
DUF3732	DUF572	771	0	0	0	0	0	0	0	0	0
DUF3734	DUF579	772	0	0	0	0	0	0	0	0	0
DUF3736	DUF582	773	0	0	0	0	0	0	0	0	0
DUF3738	DUF599	774	0	0	0	0	0	0	0	0	0
DUF3740	DUF608	775	0	0	0	0	0	0	0	0	0
DUF3752	DUF644	776	0	0	0	0	0	0	0	0	0
DUF3754	DUF646	777	0	0	0	0	0	0	0	0	0
DUF377	DUF648	778	0	0	0	0	0	0	0	0	0
DUF3770	DUF654	779	0	0	0	0	0	0	0	0	0
DUF3773	DUF663	780	0	0	0	0	0	0	0	0	0
DUF3776	DUF664	781	0	0	0	0	0	0	0	0	0
DUF393	DUF669	782	0	0	0	0	0	0	0	0	0
DUF424	DUF687	783	0	0	0	0	0	0	0	0	0
DUF429	DUF70	784	0	0	0	0	0	0	0	0	0
DUF443	DUF72	785	0	0	0	0	0	0	0	0	0
DUF445	DUF721	786	0	0	0	0	0	0	0	0	0
DUF481	DUF739	787	0	0	0	0	0	0	0	0	0
DUF490	DUF747	788	0	0	0	0	0	0	0	0	0
DUF507	DUF748	789	0	0	0	0	0	0	0	0	0
DUF512	DUF784	790	0	0	0	0	0	0	0	0	0
DUF515	DUF785	791	0	0	0	0	0	0	0	0	0
DUF524	DUF812	792	0	0	0	0	0	0	0	0	0
DUF540	DUF819	793	0	0	0	0	0	0	0	0	0
DUF55	DUF829	794	0	0	0	0	0	0	0	0	0
DUF567	DUF830	795	0	0	0	0	0	0	0	0	0
DUF571	DUF832	796	0	0	0	0	0	0	0	0	0
DUF572	DUF842	797	0	0	0	0	0	0	0	0	0
DUF579	DUF862	798	0	0	0	0	0	0	0	0	0
DUF582	DUF863	799	0	0	0	0	0	0	0	0	0
DUF599	DUF87	800	0	0	0	0	0	0	0	0	0
DUF608	DUF876	801	0	0	0	0	0	0	0	0	0
DUF644	DUF877	802	0	0	0	0	0	0	0	0	0
DUF646	DUF88	803	0	0	0	0	0	0	0	0	0
DUF648	DUF885	804	0	0	0	0	0	0	0	0	0
DUF654	DUF89	805	0	0	0	0	0	0	0	0	0
DUF663	DUF908	806	0	0	0	0	0	0	0	0	0
DUF664	DUF915	807	0	0	0	0	0	0	0	0	0
DUF669	DUF927	808	0	0	0	0	0	0	0	0	0
DUF687	DUF929	809	0	0	0	0	0	0	0	0	0
DUF70	DUF932	810	0	0	0	0	0	0	0	0	0
DUF72	DUF935	811	0	0	0	0	0	0	0	0	0
DUF721	DUF937	812	0	0	0	0	0	0	0	0	0
DUF739	DUF940	813	0	0	0	0	0	0	0	0	0
DUF747	DUF945	814	0	0	0	0	0	0	0	0	0
DUF748	DUF95	815	0	0	0	0	0	0	0	0	0
DUF784	DUF955	816	0	0	0	0	0	0	0	0	0
DUF785	DUF968	817	0	0	0	0	0	0	0	0	0
DUF812	DUF990	818	0	0	0	0	0	0	0	0	0
DUF819	DUP	819	0	0	0	0	0	0	0	0	0
DUF829	DUSP	820	0	0	0	0	0	0	0	0	0
DUF830	DZF	821	0	0	0	0	0	0	0	0	0
DUF832	Dabb	822	0	0	0	0	0	0	0	0	0
DUF842	DctM	823	0	0	0	0	0	0	0	0	0
DUF862	DctQ	824	0	0	0	0	0	0	0	0	0
DUF863	DcuC	825	0	0	0	0	0	0	0	0	0
DUF87	DegV	826	0	0	0	0	0	0	0	0	0
DUF876	Dehydrin	827	0	0	0	0	0	0	0	0	0
DUF877	DeoC	828	0	0	0	0	0	0	0	0	0
DUF88	DinB	829	0	0	0	0	0	0	0	0	0
DUF885	DmsC	830	0	0	0	0	0	0	0	0	0
DUF89	DnaG_DnaB_bind	831	0	0	0	0	0	0	0	0	0
DUF908	Dor1	832	0	0	0	0	0	0	0	0	0
DUF915	DoxA	833	0	0	0	0	0	0	0	0	0
DUF927	Dpoe2NT	834	0	0	0	0	0	0	0	0	0
DUF929	Dpy19	835	0	0	0	0	0	0	0	0	0
DUF932	Drf_FH3	836	0	0	0	0	0	0	0	0	0
DUF935	Drf_GBD	837	0	0	0	0	0	0	0	0	0
DUF937	Drmip_Hesp	838	0	0	0	0	0	0	0	0	0
DUF940	DrsE	839	0	0	0	0	0	0	0	0	0
DUF945	DsbB	840	0	0	0	0	0	0	0	0	0
DUF95	DsbD	841	0	0	0	0	0	0	0	0	0
DUF955	Dus	842	0	0	0	0	0	0	0	0	0
DUF968	Dynactin	843	0	0	0	0	0	0	0	0	0
DUF990	Dynamin_N	844	0	0	0	0	0	0	0	0	0
DUP	Dynein_heavy	845	0	0	0	0	0	0	0	0	0
Dus	E1-E2_ATPase	846	0	0	0	0	0	0	0	0	0
DUSP	E1_DerP2_DerF2	847	0	0	0	0	0	0	0	0	0
dUTPase	E1_dh	848	0	0	0	0	0	0	0	0	0
Dynactin	EAL	849	0	0	0	0	0	0	0	0	0
Dynamin_N	EAP30	850	0	0	0	0	0	0	0	0	0
Dynein_heavy	EBP	851	0	0	0	0	0	0	0	0	0
DZF	EB_dh	852	0	0	0	0	0	0	0	0	0
E1-E2_ATPase	EI24	853	0	0	0	0	0	0	0	0	0
E1_DerP2_DerF2	EIF4E-T	854	0	0	0	0	0	0	0	0	0
E1_dh	EIIA-man	855	0	0	0	0	0	0	0	0	0
EAL	EIIC-GAT	856	0	0	0	0	0	0	0	0	0
EamA	EIN3	857	0	0	0	0	0	0	0	0	0
EAP30	ELL	858	0	0	0	0	0	0	0	0	0
EBP	ELMO_CED12	859	0	0	0	0	0	0	0	0	0
EB_dh	ELO	860	0	0	0	0	0	0	0	0	0
EcoR124_C	EMI	861	0	0	0	0	0	0	0	0	0
EcsB	EMP24_GP25L	862	0	0	0	0	0	0	0	0	0
Egg_lysin	ENTH	863	0	0	0	0	0	0	0	0	0
EI24	EPL1	864	0	0	0	0	0	0	0	0	0
eIF-3_zeta	EPSP_synthase	865	0	0	0	0	0	0	0	0	0
EIF4E-T	ERCC4	866	0	0	0	0	0	0	0	0	0
EIIA-man	ERF	867	0	0	0	0	0	0	0	0	0
EIIC-GAT	ERM	868	0	0	0	0	0	0	0	0	0
EIN3	EST1	869	0	0	0	0	0	0	0	0	0
ELL	ETX_MTX2	870	0	0	0	0	0	0	0	0	0
ELMO_CED12	EamA	871	0	0	0	0	0	0	0	0	0
ELO	EcoR124_C	872	0	0	0	0	0	0	0	0	0
EMI	EcsB	873	0	0	0	0	0	0	0	0	0
EMP24_GP25L	Egg_lysin	874	0	0	0	0	0	0	0	0	0
Endonuc-BglII	Endonuc-BglII	875	0	0	0	0	0	0	0	0	0
Endonuclease_NS	Endonuclease_NS	876	0	0	0	0	0	0	0	0	0
Endotoxin_C	Endotoxin_C	877	0	0	0	0	0	0	0	0	0
Endotoxin_M	Endotoxin_M	878	0	0	0	0	0	0	0	0	0
Endotoxin_N	Endotoxin_N	879	0	0	0	0	0	0	0	0	0
Enhancin	Enhancin	880	0	0	0	0	0	0	0	0	0
EntA_Immun	EntA_Immun	881	0	0	0	0	0	0	0	0	0
ENTH	Epimerase	882	0	0	0	0	0	0	0	0	0
Epimerase	Epimerase_2	883	0	0	0	0	0	0	0	0	0
Epimerase_2	Erf4	884	0	0	0	0	0	0	0	0	0
EPL1	Erythro_esteras	885	0	0	0	0	0	0	0	0	0
EPSP_synthase	Es2	886	0	0	0	0	0	0	0	0	0
ERCC4	Esterase	887	0	0	0	0	0	0	0	0	0
ERF	ExbD	888	0	0	0	0	0	0	0	0	0
eRF1_1	Exo70	889	0	0	0	0	0	0	0	0	0
Erf4	Exo_endo_phos	890	0	0	0	0	0	0	0	0	0
ERM	Exonuc_V_gamma	891	0	0	0	0	0	0	0	0	0
Erythro_esteras	Exonuc_X-T	892	0	0	0	0	0	0	0	0	0
Es2	Exosortase_EpsH	893	0	0	0	0	0	0	0	0	0
EST1	Exostosin	894	0	0	0	0	0	0	0	0	0
Esterase	F5_F8_type_C	895	0	0	0	0	0	0	0	0	0
ETX_MTX2	FAA_hydrolase	896	0	0	0	0	0	0	0	0	0
ExbD	FAD-oxidase_C	897	0	0	0	0	0	0	0	0	0
Exo70	FAD_binding_2	898	0	0	0	0	0	0	0	0	0
Exonuc_V_gamma	FAD_binding_3	899	0	0	0	0	0	0	0	0	0
Exonuc_X-T	FAD_binding_8	900	0	0	0	0	0	0	0	0	0
Exosortase_EpsH	FAINT	901	0	0	0	0	0	0	0	0	0
Exostosin	FANCF	902	0	0	0	0	0	0	0	0	0
Exo_endo_phos	FAT	903	0	0	0	0	0	0	0	0	0
F5_F8_type_C	FA_desaturase	904	0	0	0	0	0	0	0	0	0
FAA_hydrolase	FA_hydroxylase	905	0	0	0	0	0	0	0	0	0
FAD-oxidase_C	FBA_1	906	0	0	0	0	0	0	0	0	0
FAD_binding_2	FCD	907	0	0	0	0	0	0	0	0	0
FAD_binding_3	FCH	908	0	0	0	0	0	0	0	0	0
FAD_binding_8	FERM_M	909	0	0	0	0	0	0	0	0	0
FAINT	FERM_N	910	0	0	0	0	0	0	0	0	0
FANCF	FGE-sulfatase	911	0	0	0	0	0	0	0	0	0
Far-17a_AIG1	FGGY_C	912	0	0	0	0	0	0	0	0	0
Fasciclin	FH2	913	0	0	0	0	0	0	0	0	0
Fascin	FIST	914	0	0	0	0	0	0	0	0	0
FAT	FIST_C	915	0	0	0	0	0	0	0	0	0
FA_desaturase	FKBP_C	916	0	0	0	0	0	0	0	0	0
FA_hydroxylase	FMN_red	917	0	0	0	0	0	0	0	0	0
FBA_1	FTH	918	0	0	0	0	0	0	0	0	0
FbpA	FTR1	919	0	0	0	0	0	0	0	0	0
FCD	FUSC	920	0	0	0	0	0	0	0	0	0
FCH	Far-17a_AIG1	921	0	0	0	0	0	0	0	0	0
FdhE	Fasciclin	922	0	0	0	0	0	0	0	0	0
Fe-ADH	Fascin	923	0	0	0	0	0	0	0	0	0
FecCD	FbpA	924	0	0	0	0	0	0	0	0	0
FecR	FdhE	925	0	0	0	0	0	0	0	0	0
FERM_M	Fe-ADH	926	0	0	0	0	0	0	0	0	0
FERM_N	FecCD	927	0	0	0	0	0	0	0	0	0
Ferric_reduct	FecR	928	0	0	0	0	0	0	0	0	0
Ferritin	Ferric_reduct	929	0	0	0	0	0	0	0	0	0
Ferrochelatase	Ferritin	930	0	0	0	0	0	0	0	0	0
FGE-sulfatase	Ferrochelatase	931	0	0	0	0	0	0	0	0	0
FGGY_C	FhuF	932	0	0	0	0	0	0	0	0	0
FH2	Fib_alpha	933	0	0	0	0	0	0	0	0	0
FhuF	Fig1	934	0	0	0	0	0	0	0	0	0
Fib_alpha	Fil_haemagg	935	0	0	0	0	0	0	0	0	0
Fig1	Filamin	936	0	0	0	0	0	0	0	0	0
Filamin	FimP	937	0	0	0	0	0	0	0	0	0
Fil_haemagg	Fimbrial_K88	938	0	0	0	0	0	0	0	0	0
Fimbrial_K88	FixH	939	0	0	0	0	0	0	0	0	0
FimP	FlaA	940	0	0	0	0	0	0	0	0	0
FIST	FlaE	941	0	0	0	0	0	0	0	0	0
FIST_C	Flagellar_rod	942	0	0	0	0	0	0	0	0	0
FixH	Flagellin_N	943	0	0	0	0	0	0	0	0	0
FKBP_C	Flavi_NS2A	944	0	0	0	0	0	0	0	0	0
FlaA	Flavin_Reduct	945	0	0	0	0	0	0	0	0	0
FlaE	Flavodoxin_1	946	0	0	0	0	0	0	0	0	0
Flagellar_rod	Flavodoxin_2	947	0	0	0	0	0	0	0	0	0
Flagellin_N	FlgN	948	0	0	0	0	0	0	0	0	0
Flavin_Reduct	Flg_hook	949	0	0	0	0	0	0	0	0	0
Flavi_NS2A	FliD_C	950	0	0	0	0	0	0	0	0	0
Flavodoxin_1	FliH	951	0	0	0	0	0	0	0	0	0
Flavodoxin_2	FliJ	952	0	0	0	0	0	0	0	0	0
FlgN	FliL	953	0	0	0	0	0	0	0	0	0
Flg_hook	Flo11	954	0	0	0	0	0	0	0	0	0
FliD_C	FmdE	955	0	0	0	0	0	0	0	0	0
FliH	Fmp27	956	0	0	0	0	0	0	0	0	0
FliJ	Fmp27_WPPW	957	0	0	0	0	0	0	0	0	0
FliL	Foie-gras_1	958	0	0	0	0	0	0	0	0	0
Flo11	Folate_rec	959	0	0	0	0	0	0	0	0	0
FmdE	Frag1	960	0	0	0	0	0	0	0	0	0
FMN_red	FragX_IP	961	0	0	0	0	0	0	0	0	0
Fmp27	FrhB_FdhB_C	962	0	0	0	0	0	0	0	0	0
Fmp27_WPPW	FtsA	963	0	0	0	0	0	0	0	0	0
fn3	FtsH_ext	964	0	0	0	0	0	0	0	0	0
Foie-gras_1	FtsJ	965	0	0	0	0	0	0	0	0	0
Folate_rec	FtsK_SpoIIIE	966	0	0	0	0	0	0	0	0	0
Frag1	FtsK_SpoIIIE_N	967	0	0	0	0	0	0	0	0	0
FragX_IP	FtsQ	968	0	0	0	0	0	0	0	0	0
FrhB_FdhB_C	FtsX	969	0	0	0	0	0	0	0	0	0
FTH	Fucokinase	970	0	0	0	0	0	0	0	0	0
FTR1	Fucose_iso_C	971	0	0	0	0	0	0	0	0	0
FtsA	Fungal_trans	972	0	0	0	0	0	0	0	0	0
FtsH_ext	Fusion_gly	973	0	0	0	0	0	0	0	0	0
FtsJ	GAD-like	974	0	0	0	0	0	0	0	0	0
FtsK_SpoIIIE	GAF	975	0	0	0	0	0	0	0	0	0
FtsK_SpoIIIE_N	GAT	976	0	0	0	0	0	0	0	0	0
FtsQ	GATase	977	0	0	0	0	0	0	0	0	0
FtsX	GATase_3	978	0	0	0	0	0	0	0	0	0
Fucokinase	GBA2_N	979	0	0	0	0	0	0	0	0	0
Fucose_iso_C	GCFC	980	0	0	0	0	0	0	0	0	0
Fungal_trans	GCS2	981	0	0	0	0	0	0	0	0	0
FUSC	GCV_T	982	0	0	0	0	0	0	0	0	0
Fusion_gly	GDPD	983	0	0	0	0	0	0	0	0	0
GAD-like	GFO_IDH_MocA	984	0	0	0	0	0	0	0	0	0
GAF	GFO_IDH_MocA_C	985	0	0	0	0	0	0	0	0	0
Gag_p24	GGDEF	986	0	0	0	0	0	0	0	0	0
Gal-bind_lectin	GH3	987	0	0	0	0	0	0	0	0	0
Galactosyl_T	GHMP_kinases_C	988	0	0	0	0	0	0	0	0	0
GalP_UDP_transf	GIDA	989	0	0	0	0	0	0	0	0	0
Gar1	GIDE	990	0	0	0	0	0	0	0	0	0
Gasdermin	GKAP	991	0	0	0	0	0	0	0	0	0
GAT	GLE1	992	0	0	0	0	0	0	0	0	0
GATase	GMC_oxred_N	993	0	0	0	0	0	0	0	0	0
GATase_3	GP41	994	0	0	0	0	0	0	0	0	0
Gate	GRAM	995	0	0	0	0	0	0	0	0	0
GBA2_N	GRASP55_65	996	0	0	0	0	0	0	0	0	0
GCFC	GSPII_E	997	0	0	0	0	0	0	0	0	0
GCS2	GSPII_E_N	998	0	0	0	0	0	0	0	0	0
GCV_T	GSPII_F	999	0	0	0	0	0	0	0	0	0
TP_methylase	Transketolase_C	2000	0	0	0	0	0	0	0	0	0
TraC_F_IV	Transp_cyt_pur	2001	0	0	0	0	0	0	0	0	0
TraD_N	Transpeptidase	2002	0	0	0	0	0	0	0	0	0
TraE	Transposase_11	2003	0	0	0	0	0	0	0	0	0
TraG	Transposase_2	2004	0	0	0	0	0	0	0	0	0
TraG_N	Transposase_25	2005	0	0	0	0	0	0	0	0	0
TraH	Transposase_30	2006	0	0	0	0	0	0	0	0	0
TraK	Transposase_32	2007	0	0	0	0	0	0	0	0	0
TRAM_LAG1_CLN8	TrbC	2008	0	0	0	0	0	0	0	0	0
Transferase	TrbI	2009	0	0	0	0	0	0	0	0	0
Transglut_C	TrbL	2010	0	0	0	0	0	0	0	0	0
Transketolase_C	Trigger_C	2011	0	0	0	0	0	0	0	0	0
Transket_pyr	Trigger_N	2012	0	0	0	0	0	0	0	0	0
Transpeptidase	TrkA_C	2013	0	0	0	0	0	0	0	0	0
Transposase_11	TrkH	2014	0	0	0	0	0	0	0	0	0
Transposase_2	Trp_DMAT	2015	0	0	0	0	0	0	0	0	0
Transposase_25	Trypan_glycop	2016	0	0	0	0	0	0	0	0	0
Transposase_30	Trypsin	2017	0	0	0	0	0	0	0	0	0
Transposase_32	Tubulin	2018	0	0	0	0	0	0	0	0	0
Transp_cyt_pur	Tyr-DNA_phospho	2019	0	0	0	0	0	0	0	0	0
TRAPP	U3snoRNP10	2020	0	0	0	0	0	0	0	0	0
TRAP_beta	U79_P34	2021	0	0	0	0	0	0	0	0	0
TrbC	UBX	2022	0	0	0	0	0	0	0	0	0
TrbI	UCH	2023	0	0	0	0	0	0	0	0	0
TrbL	UDG	2024	0	0	0	0	0	0	0	0	0
TRF	UNC45-central	2025	0	0	0	0	0	0	0	0	0
TRF2	UPF0052	2026	0	0	0	0	0	0	0	0	0
Trigger_C	UPF0054	2027	0	0	0	0	0	0	0	0	0
Trigger_N	UPF0104	2028	0	0	0	0	0	0	0	0	0
TrkA_C	UPF0118	2029	0	0	0	0	0	0	0	0	0
TrkH	UPF0149	2030	0	0	0	0	0	0	0	0	0
tRNA-synt_1b	UPF0227	2031	0	0	0	0	0	0	0	0	0
tRNA-synt_1c	UPF0236	2032	0	0	0	0	0	0	0	0	0
tRNA-synt_1d	UPF0564	2033	0	0	0	0	0	0	0	0	0
tRNA-synt_2b	UPF0565	2034	0	0	0	0	0	0	0	0	0
tRNA-synt_2c	US22	2035	0	0	0	0	0	0	0	0	0
tRNA_int_endo	UbiA	2036	0	0	0	0	0	0	0	0	0
tRNA_lig_CPD	Ubiq_cyt_C_chap	2037	0	0	0	0	0	0	0	0	0
tRNA_m1G_MT	Ufd2P_core	2038	0	0	0	0	0	0	0	0	0
TROVE	Urb2	2039	0	0	0	0	0	0	0	0	0
TRP	UreF	2040	0	0	0	0	0	0	0	0	0
Trp_DMAT	Uricase	2041	0	0	0	0	0	0	0	0	0
Trypan_glycop	Use1	2042	0	0	0	0	0	0	0	0	0
Trypsin	Uso1_p115_head	2043	0	0	0	0	0	0	0	0	0
TTL	Usp	2044	0	0	0	0	0	0	0	0	0
Tubulin	Utp12	2045	0	0	0	0	0	0	0	0	0
TUDOR	Utp14	2046	0	0	0	0	0	0	0	0	0
Tyr-DNA_phospho	UvrD-helicase	2047	0	0	0	0	0	0	0	0	0
U3snoRNP10	V-ATPase_C	2048	0	0	0	0	0	0	0	0	0
U79_P34	V-ATPase_H_N	2049	0	0	0	0	0	0	0	0	0
UbiA	V-SNARE	2050	0	0	0	0	0	0	0	0	0
Ubiq_cyt_C_chap	V-set	2051	0	0	0	0	0	0	0	0	0
UBX	VHS	2052	0	0	0	0	0	0	0	0	0
UCH	VIT1	2053	0	0	0	0	0	0	0	0	0
UDG	VKOR	2054	0	0	0	0	0	0	0	0	0
Ufd2P_core	VOMI	2055	0	0	0	0	0	0	0	0	0
UNC45-central	VRR_NUC	2056	0	0	0	0	0	0	0	0	0
UPF0052	VTC	2057	0	0	0	0	0	0	0	0	0
UPF0054	VWA	2058	0	0	0	0	0	0	0	0	0
UPF0104	VWD	2059	0	0	0	0	0	0	0	0	0
UPF0118	V_ATPase_I	2060	0	0	0	0	0	0	0	0	0
UPF0149	VanZ	2061	0	0	0	0	0	0	0	0	0
UPF0227	Vault	2062	0	0	0	0	0	0	0	0	0
UPF0236	Vesiculo_matrix	2063	0	0	0	0	0	0	0	0	0
UPF0564	Vinculin	2064	0	0	0	0	0	0	0	0	0
UPF0565	VirB8	2065	0	0	0	0	0	0	0	0	0
Urb2	Vir_act_alpha_C	2066	0	0	0	0	0	0	0	0	0
UreF	Viral_DNA_Zn_bi	2067	0	0	0	0	0	0	0	0	0
Uricase	Viral_DNA_bp	2068	0	0	0	0	0	0	0	0	0
US22	Viral_Hsp90	2069	0	0	0	0	0	0	0	0	0
Use1	Viral_helicase1	2070	0	0	0	0	0	0	0	0	0
Uso1_p115_head	Vitellogenin_N	2071	0	0	0	0	0	0	0	0	0
Usp	Vma12	2072	0	0	0	0	0	0	0	0	0
Utp12	Vmethyltransf	2073	0	0	0	0	0	0	0	0	0
Utp14	Vmethyltransf_C	2074	0	0	0	0	0	0	0	0	0
UvrD-helicase	Vps5	2075	0	0	0	0	0	0	0	0	0
V-ATPase_C	Vps51	2076	0	0	0	0	0	0	0	0	0
V-ATPase_H_N	Vps52	2077	0	0	0	0	0	0	0	0	0
V-set	WAPL	2078	0	0	0	0	0	0	0	0	0
V-SNARE	WD-3	2079	0	0	0	0	0	0	0	0	0
VanZ	WH1	2080	0	0	0	0	0	0	0	0	0
vATP-synt_AC39	WSS_VP	2081	0	0	0	0	0	0	0	0	0
Vault	WWE	2082	0	0	0	0	0	0	0	0	0
Vesiculo_matrix	WXG100	2083	0	0	0	0	0	0	0	0	0
VHS	Wzy_C	2084	0	0	0	0	0	0	0	0	0
Vinculin	Wzz	2085	0	0	0	0	0	0	0	0	0
Viral_DNA_bp	XLF	2086	0	0	0	0	0	0	0	0	0
Viral_DNA_Zn_bi	Xan_ur_permease	2087	0	0	0	0	0	0	0	0	0
Viral_helicase1	Xpo1	2088	0	0	0	0	0	0	0	0	0
Viral_Hsp90	Y_phosphatase	2089	0	0	0	0	0	0	0	0	0
VirB8	YbbR	2090	0	0	0	0	0	0	0	0	0
Vir_act_alpha_C	YcaO	2091	0	0	0	0	0	0	0	0	0
VIT1	YceI	2092	0	0	0	0	0	0	0	0	0
Vitellogenin_N	YfdX	2093	0	0	0	0	0	0	0	0	0
VKOR	YfhO	2094	0	0	0	0	0	0	0	0	0
Vma12	Yip1	2095	0	0	0	0	0	0	0	0	0
Vmethyltransf	YjgP_YjgQ	2096	0	0	0	0	0	0	0	0	0
Vmethyltransf_C	YkuD	2097	0	0	0	0	0	0	0	0	0
VOMI	YopJ	2098	0	0	0	0	0	0	0	0	0
Vps5	YopX	2099	0	0	0	0	0	0	0	0	0
Vps51	YqaJ	2100	0	0	0	0	0	0	0	0	0
Vps52	YycH	2101	0	0	0	0	0	0	0	0	0
VRR_NUC	YycI	2102	0	0	0	0	0	0	0	0	0
VTC	Zeta_toxin	2103	0	0	0	0	0	0	0	0	0
VWA	Zip	2104	0	0	0	0	0	0	0	0	0
VWD	Zn_dep_PLPC	2105	0	0	0	0	0	0	0	0	0
V_ATPase_I	Zona_pellucida	2106	0	0	0	0	0	0	0	0	0
WAPL	Zot	2107	0	0	0	0	0	0	0	0	0
WD-3	Zw10	2108	0	0	0	0	0	0	0	0	0
WH1	adh_short	2109	0	0	0	0	0	0	0	0	0
WSS_VP	cNMP_binding	2110	0	0	0	0	0	0	0	0	0
WWE	chaperone_DMP	2111	0	0	0	0	0	0	0	0	0
WXG100	dDENN	2112	0	0	0	0	0	0	0	0	0
Wzy_C	dNK	2113	0	0	0	0	0	0	0	0	0
Wzz	dUTPase	2114	0	0	0	0	0	0	0	0	0
Xan_ur_permease	dsrm	2115	0	0	0	0	0	0	0	0	0
XLF	eIF-3_zeta	2116	0	0	0	0	0	0	0	0	0
Xpo1	eRF1_1	2117	0	0	0	0	0	0	0	0	0
YbbR	fn3	2118	0	0	0	0	0	0	0	0	0
YcaO	gp37_C	2119	0	0	0	0	0	0	0	0	0
YceI	ig	2120	0	0	0	0	0	0	0	0	0
YfdX	m04gp34like	2121	0	0	0	0	0	0	0	0	0
YfhO	mRNA_cap_enzyme	2122	0	0	0	0	0	0	0	0	0
Yip1	mRNA_triPase	2123	0	0	0	0	0	0	0	0	0
YjgP_YjgQ	mTERF	2124	0	0	0	0	0	0	0	0	0
YkuD	p450	2125	0	0	0	0	0	0	0	0	0
YopJ	polyprenyl_synt	2126	0	0	0	0	0	0	0	0	0
YopX	rve	2127	0	0	0	0	0	0	0	0	0
YqaJ	s48_45	2128	0	0	0	0	0	0	0	0	0
YycH	tRNA-synt_1b	2129	0	0	0	0	0	0	0	0	0
YycI	tRNA-synt_1c	2130	0	0	0	0	0	0	0	0	0
Y_phosphatase	tRNA-synt_1d	2131	0	0	0	0	0	0	0	0	0
z-alpha	tRNA-synt_2b	2132	0	0	0	0	0	0	0	0	0
Zeta_toxin	tRNA-synt_2c	2133	0	0	0	0	0	0	0	0	0
zf-AD	tRNA_int_endo	2134	0	0	0	0	0	0	0	0	0
zf-C3HC	tRNA_lig_CPD	2135	0	0	0	0	0	0	0	0	0
Zip	tRNA_m1G_MT	2136	0	0	0	0	0	0	0	0	0
Zn_dep_PLPC	vATP-synt_AC39	2137	0	0	0	0	0	0	0	0	0
Zona_pellucida	z-alpha	2138	0	0	0	0	0	0	0	0	0
Zot	zf-AD	2139	0	0	0	0	0	0	0	0	0
Zw10	zf-C3HC	2140	0	0	0	0	0	0	0	0	0
GDPD	GSPII_N	1000	0	0	0	0	0	0	0	0	0
Gemini_AL1_M	GST_C	1001	0	0	0	0	0	0	0	0	0
Gemini_coat	GST_N	1002	0	0	0	0	0	0	0	0	0
Germane	Gag_p24	1003	0	0	0	0	0	0	0	0	0
GFO_IDH_MocA	Gal-bind_lectin	1004	0	0	0	0	0	0	0	0	0
GFO_IDH_MocA_C	GalP_UDP_transf	1005	0	0	0	0	0	0	0	0	0
GGDEF	Galactosyl_T	1006	0	0	0	0	0	0	0	0	0
GH3	Gar1	1007	0	0	0	0	0	0	0	0	0
GHMP_kinases_C	Gasdermin	1008	0	0	0	0	0	0	0	0	0
GIDA	Gate	1009	0	0	0	0	0	0	0	0	0
GIDE	Gemini_AL1_M	1010	0	0	0	0	0	0	0	0	0
Git3_C	Gemini_coat	1011	0	0	0	0	0	0	0	0	0
GKAP	Germane	1012	0	0	0	0	0	0	0	0	0
Gla	Git3_C	1013	0	0	0	0	0	0	0	0	0
GlcNAc_2-epim	Gla	1014	0	0	0	0	0	0	0	0	0
GldM_C	GlcNAc_2-epim	1015	0	0	0	0	0	0	0	0	0
GldM_N	GldM_C	1016	0	0	0	0	0	0	0	0	0
GLE1	GldM_N	1017	0	0	0	0	0	0	0	0	0
Gln-synt_C	Gln-synt_C	1018	0	0	0	0	0	0	0	0	0
Globin	Globin	1019	0	0	0	0	0	0	0	0	0
Glucosaminidase	Glucosaminidase	1020	0	0	0	0	0	0	0	0	0
GlycosTransf	GlyL_C	1021	0	0	0	0	0	0	0	0	0
Glycos_transf_1	Glyco_hydro_15	1022	0	0	0	0	0	0	0	0	0
Glycos_transf_2	Glyco_hydro_16	1023	0	0	0	0	0	0	0	0	0
Glycos_transf_3	Glyco_hydro_18	1024	0	0	0	0	0	0	0	0	0
Glyco_hydro_15	Glyco_hydro_2	1025	0	0	0	0	0	0	0	0	0
Glyco_hydro_16	Glyco_hydro_20	1026	0	0	0	0	0	0	0	0	0
Glyco_hydro_18	Glyco_hydro_20b	1027	0	0	0	0	0	0	0	0	0
Glyco_hydro_2	Glyco_hydro_28	1028	0	0	0	0	0	0	0	0	0
Glyco_hydro_20	Glyco_hydro_38	1029	0	0	0	0	0	0	0	0	0
Glyco_hydro_20b	Glyco_hydro_38C	1030	0	0	0	0	0	0	0	0	0
Glyco_hydro_28	Glyco_hydro_39	1031	0	0	0	0	0	0	0	0	0
Glyco_hydro_38	Glyco_hydro_3_C	1032	0	0	0	0	0	0	0	0	0
Glyco_hydro_38C	Glyco_hydro_43	1033	0	0	0	0	0	0	0	0	0
Glyco_hydro_39	Glyco_hydro_47	1034	0	0	0	0	0	0	0	0	0
Glyco_hydro_3_C	Glyco_hydro_4C	1035	0	0	0	0	0	0	0	0	0
Glyco_hydro_43	Glyco_hydro_57	1036	0	0	0	0	0	0	0	0	0
Glyco_hydro_47	Glyco_hydro_65C	1037	0	0	0	0	0	0	0	0	0
Glyco_hydro_4C	Glyco_hydro_65N	1038	0	0	0	0	0	0	0	0	0
Glyco_hydro_57	Glyco_hydro_76	1039	0	0	0	0	0	0	0	0	0
Glyco_hydro_65C	Glyco_hydro_77	1040	0	0	0	0	0	0	0	0	0
Glyco_hydro_65N	Glyco_hydro_8	1041	0	0	0	0	0	0	0	0	0
Glyco_hydro_76	Glyco_hydro_88	1042	0	0	0	0	0	0	0	0	0
Glyco_hydro_77	Glyco_hydro_98M	1043	0	0	0	0	0	0	0	0	0
Glyco_hydro_8	Glyco_tran_28_C	1044	0	0	0	0	0	0	0	0	0
Glyco_hydro_88	Glyco_transf_11	1045	0	0	0	0	0	0	0	0	0
Glyco_hydro_98M	Glyco_transf_22	1046	0	0	0	0	0	0	0	0	0
Glyco_transf_11	Glyco_transf_25	1047	0	0	0	0	0	0	0	0	0
Glyco_transf_22	Glyco_transf_28	1048	0	0	0	0	0	0	0	0	0
Glyco_transf_25	Glyco_transf_5	1049	0	0	0	0	0	0	0	0	0
Glyco_transf_28	Glyco_transf_52	1050	0	0	0	0	0	0	0	0	0
Glyco_transf_5	Glyco_transf_8	1051	0	0	0	0	0	0	0	0	0
Glyco_transf_52	Glyco_transf_9	1052	0	0	0	0	0	0	0	0	0
Glyco_transf_8	GlycosTransf	1053	0	0	0	0	0	0	0	0	0
Glyco_transf_9	Glycos_transf_1	1054	0	0	0	0	0	0	0	0	0
Glyco_tran_28_C	Glycos_transf_2	1055	0	0	0	0	0	0	0	0	0
GlyL_C	Glycos_transf_3	1056	0	0	0	0	0	0	0	0	0
Glyoxalase	Glyoxalase	1057	0	0	0	0	0	0	0	0	0
Glyphos_transf	Glyphos_transf	1058	0	0	0	0	0	0	0	0	0
Gmad1	Gmad1	1059	0	0	0	0	0	0	0	0	0
GMC_oxred_N	GnHR_trans	1060	0	0	0	0	0	0	0	0	0
GnHR_trans	Golgin_A5	1061	0	0	0	0	0	0	0	0	0
Golgin_A5	Got1	1062	0	0	0	0	0	0	0	0	0
Got1	Gp_dh_C	1063	0	0	0	0	0	0	0	0	0
gp37_C	GpcrRhopsn4	1064	0	0	0	0	0	0	0	0	0
GP41	Granin	1065	0	0	0	0	0	0	0	0	0
GpcrRhopsn4	GrpE	1066	0	0	0	0	0	0	0	0	0
Gp_dh_C	GspH	1067	0	0	0	0	0	0	0	0	0
GRAM	GspJ	1068	0	0	0	0	0	0	0	0	0
Granin	GspL	1069	0	0	0	0	0	0	0	0	0
GRASP55_65	GspM	1070	0	0	0	0	0	0	0	0	0
GrpE	GspM_II	1071	0	0	0	0	0	0	0	0	0
GspH	GtrA	1072	0	0	0	0	0	0	0	0	0
GSPII_E	Guanylate_cyc	1073	0	0	0	0	0	0	0	0	0
GSPII_E_N	GumN	1074	0	0	0	0	0	0	0	0	0
GSPII_F	HA2	1075	0	0	0	0	0	0	0	0	0
GSPII_N	HAMP	1076	0	0	0	0	0	0	0	0	0
GspJ	HAS-barrel	1077	0	0	0	0	0	0	0	0	0
GspL	HATPase_c	1078	0	0	0	0	0	0	0	0	0
GspM	HCMV_UL139	1079	0	0	0	0	0	0	0	0	0
GspM_II	HCV_NS4b	1080	0	0	0	0	0	0	0	0	0
GST_C	HCV_NS5a_1b	1081	0	0	0	0	0	0	0	0	0
GST_N	HCaRG	1082	0	0	0	0	0	0	0	0	0
GtrA	HD	1083	0	0	0	0	0	0	0	0	0
Guanylate_cyc	HDA2-3	1084	0	0	0	0	0	0	0	0	0
GumN	HECT	1085	0	0	0	0	0	0	0	0	0
HA2	HEM4	1086	0	0	0	0	0	0	0	0	0
Hairpins	HGD-D	1087	0	0	0	0	0	0	0	0	0
Halogen_Hydrol	HGTP_anticodon	1088	0	0	0	0	0	0	0	0	0
HAMP	HIRAN	1089	0	0	0	0	0	0	0	0	0
Hap2_elong	HIT	1090	0	0	0	0	0	0	0	0	0
HAS-barrel	HMGL-like	1091	0	0	0	0	0	0	0	0	0
HATPase_c	HN	1092	0	0	0	0	0	0	0	0	0
HbrB	HNOB	1093	0	0	0	0	0	0	0	0	0
HCaRG	HORMA	1094	0	0	0	0	0	0	0	0	0
HCMV_UL139	HPC2	1095	0	0	0	0	0	0	0	0	0
HCV_NS4b	HSA	1096	0	0	0	0	0	0	0	0	0
HCV_NS5a_1b	HSDR_N	1097	0	0	0	0	0	0	0	0	0
HD	HSP33	1098	0	0	0	0	0	0	0	0	0
HDA2-3	HTH_Mga	1099	0	0	0	0	0	0	0	0	0
Head-tail_con	HVSL	1100	0	0	0	0	0	0	0	0	0
HECT	HXXSHH	1101	0	0	0	0	0	0	0	0	0
HEM4	H_lectin	1102	0	0	0	0	0	0	0	0	0
Heme_oxygenase	Hairpins	1103	0	0	0	0	0	0	0	0	0
Hemopexin	Halogen_Hydrol	1104	0	0	0	0	0	0	0	0	0
Hepar_II_III	Hap2_elong	1105	0	0	0	0	0	0	0	0	0
Herpes_alk_exo	HbrB	1106	0	0	0	0	0	0	0	0	0
Herpes_BBRF1	Head-tail_con	1107	0	0	0	0	0	0	0	0	0
Herpes_BMRF2	Heme_oxygenase	1108	0	0	0	0	0	0	0	0	0
Herpes_env	Hemopexin	1109	0	0	0	0	0	0	0	0	0
Herpes_gE	Hepar_II_III	1110	0	0	0	0	0	0	0	0	0
Herpes_glycop_D	Herpes_BBRF1	1111	0	0	0	0	0	0	0	0	0
Herpes_glycop_H	Herpes_BMRF2	1112	0	0	0	0	0	0	0	0	0
Herpes_IE2_3	Herpes_IE2_3	1113	0	0	0	0	0	0	0	0	0
Herpes_ORF11	Herpes_ORF11	1114	0	0	0	0	0	0	0	0	0
Herpes_pp85	Herpes_TAF50	1115	0	0	0	0	0	0	0	0	0
Herpes_TAF50	Herpes_U30	1116	0	0	0	0	0	0	0	0	0
Herpes_U30	Herpes_U34	1117	0	0	0	0	0	0	0	0	0
Herpes_U34	Herpes_U5	1118	0	0	0	0	0	0	0	0	0
Herpes_U5	Herpes_UL16	1119	0	0	0	0	0	0	0	0	0
Herpes_UL16	Herpes_UL17	1120	0	0	0	0	0	0	0	0	0
Herpes_UL17	Herpes_UL25	1121	0	0	0	0	0	0	0	0	0
Herpes_UL25	Herpes_UL31	1122	0	0	0	0	0	0	0	0	0
Herpes_UL31	Herpes_UL32	1123	0	0	0	0	0	0	0	0	0
Herpes_UL32	Herpes_UL36	1124	0	0	0	0	0	0	0	0	0
Herpes_UL36	Herpes_UL37_2	1125	0	0	0	0	0	0	0	0	0
Herpes_UL37_2	Herpes_UL42	1126	0	0	0	0	0	0	0	0	0
Herpes_UL42	Herpes_UL43	1127	0	0	0	0	0	0	0	0	0
Herpes_UL43	Herpes_UL45	1128	0	0	0	0	0	0	0	0	0
Herpes_UL45	Herpes_UL52	1129	0	0	0	0	0	0	0	0	0
Herpes_UL52	Herpes_UL6	1130	0	0	0	0	0	0	0	0	0
Herpes_UL6	Herpes_UL69	1131	0	0	0	0	0	0	0	0	0
Herpes_UL69	Herpes_UL7	1132	0	0	0	0	0	0	0	0	0
Herpes_UL7	Herpes_UL82_83	1133	0	0	0	0	0	0	0	0	0
Herpes_UL82_83	Herpes_V23	1134	0	0	0	0	0	0	0	0	0
Herpes_V23	Herpes_VP19C	1135	0	0	0	0	0	0	0	0	0
Herpes_VP19C	Herpes_alk_exo	1136	0	0	0	0	0	0	0	0	0
HGD-D	Herpes_env	1137	0	0	0	0	0	0	0	0	0
HGTP_anticodon	Herpes_gE	1138	0	0	0	0	0	0	0	0	0
HhH-GPD	Herpes_glycop_D	1139	0	0	0	0	0	0	0	0	0
HIRAN	Herpes_glycop_H	1140	0	0	0	0	0	0	0	0	0
Hist_Kin_Sens	Herpes_pp85	1141	0	0	0	0	0	0	0	0	0
His_binding	HhH-GPD	1142	0	0	0	0	0	0	0	0	0
HIT	His_binding	1143	0	0	0	0	0	0	0	0	0
HlyD	Hist_Kin_Sens	1144	0	0	0	0	0	0	0	0	0
HlyIII	HlyD	1145	0	0	0	0	0	0	0	0	0
HMGL-like	HlyIII	1146	0	0	0	0	0	0	0	0	0
HN	Holin_LLH	1147	0	0	0	0	0	0	0	0	0
HNOB	Hom_end_hint	1148	0	0	0	0	0	0	0	0	0
Holin_LLH	Hormone_recep	1149	0	0	0	0	0	0	0	0	0
Hom_end_hint	HpcH_HpaI	1150	0	0	0	0	0	0	0	0	0
HORMA	Hpt	1151	0	0	0	0	0	0	0	0	0
Hormone_recep	HrpB7	1152	0	0	0	0	0	0	0	0	0
HPC2	HrpJ	1153	0	0	0	0	0	0	0	0	0
HpcH_HpaI	HsbA	1154	0	0	0	0	0	0	0	0	0
Hpt	HsdM_N	1155	0	0	0	0	0	0	0	0	0
HrpB7	HtaA	1156	0	0	0	0	0	0	0	0	0
HrpJ	Hus1	1157	0	0	0	0	0	0	0	0	0
HSA	Hydantoinase_A	1158	0	0	0	0	0	0	0	0	0
HsbA	Hydrolase	1159	0	0	0	0	0	0	0	0	0
HsdM_N	Hydrolase_3	1160	0	0	0	0	0	0	0	0	0
HSDR_N	IBD	1161	0	0	0	0	0	0	0	0	0
HSP33	IFRD	1162	0	0	0	0	0	0	0	0	0
HtaA	IL1	1163	0	0	0	0	0	0	0	0	0
HTH_Mga	IL6	1164	0	0	0	0	0	0	0	0	0
Hus1	IL6Ra-bind	1165	0	0	0	0	0	0	0	0	0
HVSL	IML2	1166	0	0	0	0	0	0	0	0	0
HXXSHH	IMS_C	1167	0	0	0	0	0	0	0	0	0
Hydantoinase_A	IRF-3	1168	0	0	0	0	0	0	0	0	0
Hydrolase	ISG65-75	1169	0	0	0	0	0	0	0	0	0
Hydrolase_3	IU_nuc_hydro	1170	0	0	0	0	0	0	0	0	0
H_lectin	IalB	1171	0	0	0	0	0	0	0	0	0
IalB	IcmF-related	1172	0	0	0	0	0	0	0	0	0
IBD	Ilar_coat	1173	0	0	0	0	0	0	0	0	0
IcmF-related	IncA	1174	0	0	0	0	0	0	0	0	0
IFRD	Inh	1175	0	0	0	0	0	0	0	0	0
ig	Inhibitor_I36	1176	0	0	0	0	0	0	0	0	0
IL1	Inhibitor_PI31	1177	0	0	0	0	0	0	0	0	0
IL6	Innexin	1178	0	0	0	0	0	0	0	0	0
IL6Ra-bind	Inositol_P	1179	0	0	0	0	0	0	0	0	0
Ilar_coat	Ins145_P3_rec	1180	0	0	0	0	0	0	0	0	0
IML2	Ins_P5_2-kin	1181	0	0	0	0	0	0	0	0	0
IMS_C	Ins_allergen_rp	1182	0	0	0	0	0	0	0	0	0
IncA	Integrin_alpha2	1183	0	0	0	0	0	0	0	0	0
Inh	Intg_mem_TP0381	1184	0	0	0	0	0	0	0	0	0
Inhibitor_I36	Ion_trans	1185	0	0	0	0	0	0	0	0	0
Inhibitor_PI31	IpaC_SipC	1186	0	0	0	0	0	0	0	0	0
Innexin	Ipi1_N	1187	0	0	0	0	0	0	0	0	0
Inositol_P	Isochorismatase	1188	0	0	0	0	0	0	0	0	0
Ins145_P3_rec	JHBP	1189	0	0	0	0	0	0	0	0	0
Ins_allergen_rp	Jacalin	1190	0	0	0	0	0	0	0	0	0
Ins_P5_2-kin	JmjC	1191	0	0	0	0	0	0	0	0	0
Integrin_alpha2	KAP_NTPase	1192	0	0	0	0	0	0	0	0	0
Intg_mem_TP0381	KAR9	1193	0	0	0	0	0	0	0	0	0
Ion_trans	KAT11	1194	0	0	0	0	0	0	0	0	0
IpaC_SipC	KBP_C	1195	0	0	0	0	0	0	0	0	0
Ipi1_N	KOG2701	1196	0	0	0	0	0	0	0	0	0
IRF-3	KdgM	1197	0	0	0	0	0	0	0	0	0
ISG65-75	Kdo	1198	0	0	0	0	0	0	0	0	0
Isochorismatase	KduI	1199	0	0	0	0	0	0	0	0	0
IU_nuc_hydro	Kelch_2	1200	0	0	0	0	0	0	0	0	0
Jacalin	KilA-N	1201	0	0	0	0	0	0	0	0	0
JHBP	Kinetochor_Ybp2	1202	0	0	0	0	0	0	0	0	0
JmjC	Ku	1203	0	0	0	0	0	0	0	0	0
KAP_NTPase	Ku_C	1204	0	0	0	0	0	0	0	0	0
KAR9	Ku_N	1205	0	0	0	0	0	0	0	0	0
KAT11	L1R_F9L	1206	0	0	0	0	0	0	0	0	0
KBP_C	L27	1207	0	0	0	0	0	0	0	0	0
KdgM	LACT	1208	0	0	0	0	0	0	0	0	0
Kdo	LAGLIDADG_1	1209	0	0	0	0	0	0	0	0	0
KduI	LAGLIDADG_2	1210	0	0	0	0	0	0	0	0	0
Kelch_2	LANC_like	1211	0	0	0	0	0	0	0	0	0
KilA-N	LBP_BPI_CETP	1212	0	0	0	0	0	0	0	0	0
Kinetochor_Ybp2	LBP_BPI_CETP_C	1213	0	0	0	0	0	0	0	0	0
KOG2701	LCD1	1214	0	0	0	0	0	0	0	0	0
Ku	LCM	1215	0	0	0	0	0	0	0	0	0
Ku_C	LEA_2	1216	0	0	0	0	0	0	0	0	0
Ku_N	LETM1	1217	0	0	0	0	0	0	0	0	0
L1R_F9L	LMBR1	1218	0	0	0	0	0	0	0	0	0
L27	LON	1219	0	0	0	0	0	0	0	0	0
LACT	Lactamase_B	1220	0	0	0	0	0	0	0	0	0
Lactamase_B	Laminin_G_1	1221	0	0	0	0	0	0	0	0	0
LAGLIDADG_1	Laminin_G_2	1222	0	0	0	0	0	0	0	0	0
LAGLIDADG_2	Laminin_I	1223	0	0	0	0	0	0	0	0	0
Laminin_G_1	Laminin_II	1224	0	0	0	0	0	0	0	0	0
Laminin_G_2	Lant_dehyd_C	1225	0	0	0	0	0	0	0	0	0
Laminin_I	Ldh_1_C	1226	0	0	0	0	0	0	0	0	0
Laminin_II	Leo1	1227	0	0	0	0	0	0	0	0	0
LANC_like	Lep_receptor_Ig	1228	0	0	0	0	0	0	0	0	0
Lant_dehyd_C	Leukocidin	1229	0	0	0	0	0	0	0	0	0
LBP_BPI_CETP	Levi_coat	1230	0	0	0	0	0	0	0	0	0
LBP_BPI_CETP_C	Lge1	1231	0	0	0	0	0	0	0	0	0
LCD1	LicD	1232	0	0	0	0	0	0	0	0	0
LCM	LigB	1233	0	0	0	0	0	0	0	0	0
Ldh_1_C	Lig_chan	1234	0	0	0	0	0	0	0	0	0
LEA_2	Ligase_CoA	1235	0	0	0	0	0	0	0	0	0
Leo1	Lin-8	1236	0	0	0	0	0	0	0	0	0
Lep_receptor_Ig	Lip_A_acyltrans	1237	0	0	0	0	0	0	0	0	0
LETM1	Lipase	1238	0	0	0	0	0	0	0	0	0
Leukocidin	Lipase3_N	1239	0	0	0	0	0	0	0	0	0
Levi_coat	Lipase_GDSL	1240	0	0	0	0	0	0	0	0	0
Lge1	Lipocalin	1241	0	0	0	0	0	0	0	0	0
LicD	Lipoprotein_17	1242	0	0	0	0	0	0	0	0	0
Ligase_CoA	Lipoprotein_5	1243	0	0	0	0	0	0	0	0	0
LigB	LolA	1244	0	0	0	0	0	0	0	0	0
Lig_chan	LtrA	1245	0	0	0	0	0	0	0	0	0
Lin-8	Lung_7-TM_R	1246	0	0	0	0	0	0	0	0	0
Lipase	Luteo_PO	1247	0	0	0	0	0	0	0	0	0
Lipase3_N	LuxC	1248	0	0	0	0	0	0	0	0	0
Lipase_GDSL	Lyase_1	1249	0	0	0	0	0	0	0	0	0
Lipocalin	Lyase_8_C	1250	0	0	0	0	0	0	0	0	0
Lipoprotein_17	Lyase_8_N	1251	0	0	0	0	0	0	0	0	0
Lipoprotein_5	Lycopene_cycl	1252	0	0	0	0	0	0	0	0	0
Lip_A_acyltrans	LysE	1253	0	0	0	0	0	0	0	0	0
LMBR1	LysR_substrate	1254	0	0	0	0	0	0	0	0	0
LolA	M157	1255	0	0	0	0	0	0	0	0	0
LON	M20_dimer	1256	0	0	0	0	0	0	0	0	0
LtrA	MA3	1257	0	0	0	0	0	0	0	0	0
Lung_7-TM_R	MACPF	1258	0	0	0	0	0	0	0	0	0
Luteo_PO	MAD	1259	0	0	0	0	0	0	0	0	0
LuxC	MAGE	1260	0	0	0	0	0	0	0	0	0
Lyase_1	MAM33	1261	0	0	0	0	0	0	0	0	0
Lyase_8_C	MAP65_ASE1	1262	0	0	0	0	0	0	0	0	0
Lyase_8_N	MAPEG	1263	0	0	0	0	0	0	0	0	0
Lycopene_cycl	MARVEL	1264	0	0	0	0	0	0	0	0	0
LysE	MASE1	1265	0	0	0	0	0	0	0	0	0
LysR_substrate	MATH	1266	0	0	0	0	0	0	0	0	0
m04gp34like	MAT_Alpha1	1267	0	0	0	0	0	0	0	0	0
M157	MBOAT	1268	0	0	0	0	0	0	0	0	0
M20_dimer	MCC-bdg_PDZ	1269	0	0	0	0	0	0	0	0	0
MA3	MCM2_N	1270	0	0	0	0	0	0	0	0	0
MACPF	MDMPI_C	1271	0	0	0	0	0	0	0	0	0
MAD	MDMPI_N	1272	0	0	0	0	0	0	0	0	0
Maf1	MFS_1	1273	0	0	0	0	0	0	0	0	0
MAGE	MG1	1274	0	0	0	0	0	0	0	0	0
MAM33	MGDG_synth	1275	0	0	0	0	0	0	0	0	0
Mannitol_dh	MIF4G	1276	0	0	0	0	0	0	0	0	0
Mannosyl_trans2	MIF4G_like_2	1277	0	0	0	0	0	0	0	0	0
MAP65_ASE1	MIG-14_Wnt-bd	1278	0	0	0	0	0	0	0	0	0
MAPEG	MIP-T3	1279	0	0	0	0	0	0	0	0	0
MARVEL	MIR	1280	0	0	0	0	0	0	0	0	0
MASE1	MKT1_C	1281	0	0	0	0	0	0	0	0	0
MatE	MLTD_N	1282	0	0	0	0	0	0	0	0	0
MATH	MMPL	1283	0	0	0	0	0	0	0	0	0
Matrix	MMS1	1284	0	0	0	0	0	0	0	0	0
MAT_Alpha1	MOSC	1285	0	0	0	0	0	0	0	0	0
MBOAT	MP	1286	0	0	0	0	0	0	0	0	0
MCC-bdg_PDZ	MRJP	1287	0	0	0	0	0	0	0	0	0
MCM2_N	MRP-L28	1288	0	0	0	0	0	0	0	0	0
McrBC	MRP-L46	1289	0	0	0	0	0	0	0	0	0
MDMPI_C	MRP-S27	1290	0	0	0	0	0	0	0	0	0
MDMPI_N	MRP	1291	0	0	0	0	0	0	0	0	0
MecA_N	MR_MLE_N	1292	0	0	0	0	0	0	0	0	0
Meckelin	MSA-2c	1293	0	0	0	0	0	0	0	0	0
Med1	MSC	1294	0	0	0	0	0	0	0	0	0
Med11	MS_channel	1295	0	0	0	0	0	0	0	0	0
Med13_C	MT-A70	1296	0	0	0	0	0	0	0	0	0
Med13_N	MULE	1297	0	0	0	0	0	0	0	0	0
Med15_fungi	MVIN	1298	0	0	0	0	0	0	0	0	0
Med16	Maf1	1299	0	0	0	0	0	0	0	0	0
Med17	Mannitol_dh	1300	0	0	0	0	0	0	0	0	0
Med18	Mannosyl_trans2	1301	0	0	0	0	0	0	0	0	0
Med20	MatE	1302	0	0	0	0	0	0	0	0	0
Med25_NR-box	Matrix	1303	0	0	0	0	0	0	0	0	0
Med28	McrBC	1304	0	0	0	0	0	0	0	0	0
Med4	MecA_N	1305	0	0	0	0	0	0	0	0	0
Med5	Meckelin	1306	0	0	0	0	0	0	0	0	0
Med6	Med1	1307	0	0	0	0	0	0	0	0	0
Med8	Med11	1308	0	0	0	0	0	0	0	0	0
Med9	Med13_C	1309	0	0	0	0	0	0	0	0	0
Mei5	Med13_N	1310	0	0	0	0	0	0	0	0	0
Mem_trans	Med15_fungi	1311	0	0	0	0	0	0	0	0	0
MerB	Med16	1312	0	0	0	0	0	0	0	0	0
Metalloenzyme	Med17	1313	0	0	0	0	0	0	0	0	0
Metallophos	Med18	1314	0	0	0	0	0	0	0	0	0
Methylase_S	Med20	1315	0	0	0	0	0	0	0	0	0
MethyltransfD12	Med25_NR-box	1316	0	0	0	0	0	0	0	0	0
Methyltransf_12	Med28	1317	0	0	0	0	0	0	0	0	0
Methyltransf_1N	Med4	1318	0	0	0	0	0	0	0	0	0
Methyltransf_FA	Med5	1319	0	0	0	0	0	0	0	0	0
Meth_synt_1	Med6	1320	0	0	0	0	0	0	0	0	0
MFS_1	Med8	1321	0	0	0	0	0	0	0	0	0
MG1	Med9	1322	0	0	0	0	0	0	0	0	0
MGDG_synth	Mei5	1323	0	0	0	0	0	0	0	0	0
MgtC	Mem_trans	1324	0	0	0	0	0	0	0	0	0
MgtE	MerB	1325	0	0	0	0	0	0	0	0	0
MgtE_N	Metalloenzyme	1326	0	0	0	0	0	0	0	0	0
MIF4G	Metallophos	1327	0	0	0	0	0	0	0	0	0
MIF4G_like_2	Meth_synt_1	1328	0	0	0	0	0	0	0	0	0
MIG-14_Wnt-bd	Methylase_S	1329	0	0	0	0	0	0	0	0	0
Milton	MethyltransfD12	1330	0	0	0	0	0	0	0	0	0
MinC_N	Methyltransf_12	1331	0	0	0	0	0	0	0	0	0
MIP-T3	Methyltransf_1N	1332	0	0	0	0	0	0	0	0	0
MipA	Methyltransf_FA	1333	0	0	0	0	0	0	0	0	0
MIR	MgtC	1334	0	0	0	0	0	0	0	0	0
Miro	MgtE	1335	0	0	0	0	0	0	0	0	0
Mis12	MgtE_N	1336	0	0	0	0	0	0	0	0	0
Mis12_component	Milton	1337	0	0	0	0	0	0	0	0	0
Mis14	MinC_N	1338	0	0	0	0	0	0	0	0	0
Mitofilin	MipA	1339	0	0	0	0	0	0	0	0	0
Mit_ribos_Mrp51	Miro	1340	0	0	0	0	0	0	0	0	0
MKT1_C	Mis12	1341	0	0	0	0	0	0	0	0	0
MLTD_N	Mis12_component	1342	0	0	0	0	0	0	0	0	0
MMPL	Mis14	1343	0	0	0	0	0	0	0	0	0
MMS1	Mit_ribos_Mrp51	1344	0	0	0	0	0	0	0	0	0
MnhB	Mitofilin	1345	0	0	0	0	0	0	0	0	0
Mo25	MnhB	1346	0	0	0	0	0	0	0	0	0
MobB	Mo25	1347	0	0	0	0	0	0	0	0	0
Mod_r	MobB	1348	0	0	0	0	0	0	0	0	0
Molybdopterin	Mod_r	1349	0	0	0	0	0	0	0	0	0
MOSC	Molybdopterin	1350	0	0	0	0	0	0	0	0	0
Motile_Sperm	Motile_Sperm	1351	0	0	0	0	0	0	0	0	0
Mov34	Mov34	1352	0	0	0	0	0	0	0	0	0
MP	MpPF26	1353	0	0	0	0	0	0	0	0	0
MpPF26	MreD	1354	0	0	0	0	0	0	0	0	0
MreD	Mrr_cat	1355	0	0	0	0	0	0	0	0	0
MRJP	Mt_ATP-synt_B	1356	0	0	0	0	0	0	0	0	0
mRNA_cap_enzyme	Mus7	1357	0	0	0	0	0	0	0	0	0
mRNA_triPase	MutL_C	1358	0	0	0	0	0	0	0	0	0
MRP	MutS_I	1359	0	0	0	0	0	0	0	0	0
MRP-L28	MutS_II	1360	0	0	0	0	0	0	0	0	0
MRP-L46	MutS_III	1361	0	0	0	0	0	0	0	0	0
MRP-S27	MxiH	1362	0	0	0	0	0	0	0	0	0
Mrr_cat	Myosin_TH1	1363	0	0	0	0	0	0	0	0	0
MR_MLE_N	Myosin_head	1364	0	0	0	0	0	0	0	0	0
MSA-2c	N1221	1365	0	0	0	0	0	0	0	0	0
MSC	N6_N4_Mtase	1366	0	0	0	0	0	0	0	0	0
MS_channel	NACHT	1367	0	0	0	0	0	0	0	0	0
MT-A70	NAD_Gly3P_dh_N	1368	0	0	0	0	0	0	0	0	0
mTERF	NAD_binding_6	1369	0	0	0	0	0	0	0	0	0
Mt_ATP-synt_B	NAD_kinase	1370	0	0	0	0	0	0	0	0	0
MULE	NAP	1371	0	0	0	0	0	0	0	0	0
Mus7	NAPRTase	1372	0	0	0	0	0	0	0	0	0
MutL_C	NARG2_C	1373	0	0	0	0	0	0	0	0	0
MutS_I	NAcGluc_Transf	1374	0	0	0	0	0	0	0	0	0
MutS_II	NB-ARC	1375	0	0	0	0	0	0	0	0	0
MutS_III	NDT80_PhoG	1376	0	0	0	0	0	0	0	0	0
MVIN	NEAT	1377	0	0	0	0	0	0	0	0	0
MxiH	NERD	1378	0	0	0	0	0	0	0	0	0
Myosin_head	NIF	1379	0	0	0	0	0	0	0	0	0
Myosin_TH1	NIF3	1380	0	0	0	0	0	0	0	0	0
N1221	NIPSNAP	1381	0	0	0	0	0	0	0	0	0
N6_N4_Mtase	NIT	1382	0	0	0	0	0	0	0	0	0
NAcGluc_Transf	NLPC_P60	1383	0	0	0	0	0	0	0	0	0
NACHT	NMD3	1384	0	0	0	0	0	0	0	0	0
NAD_binding_6	NTF2	1385	0	0	0	0	0	0	0	0	0
NAD_Gly3P_dh_N	NTP_transf_2	1386	0	0	0	0	0	0	0	0	0
NAD_kinase	NTP_transferase	1387	0	0	0	0	0	0	0	0	0
NAP	NTR	1388	0	0	0	0	0	0	0	0	0
NAPRTase	NUDIX-like	1389	0	0	0	0	0	0	0	0	0
NARG2_C	NUDIX	1390	0	0	0	0	0	0	0	0	0
NatB_MDM20	NUP50	1391	0	0	0	0	0	0	0	0	0
Na_Ca_ex	Na_Ca_ex	1392	0	0	0	0	0	0	0	0	0
Na_H_antiporter	Na_H_Exchanger	1393	0	0	0	0	0	0	0	0	0
Na_H_Exchanger	Na_H_antiporter	1394	0	0	0	0	0	0	0	0	0
Na_sulph_symp	Na_sulph_symp	1395	0	0	0	0	0	0	0	0	0
NB-ARC	NatB_MDM20	1396	0	0	0	0	0	0	0	0	0
Nbl1_Borealin_N	Nbl1_Borealin_N	1397	0	0	0	0	0	0	0	0	0
Ndc1_Nup	Ndc1_Nup	1398	0	0	0	0	0	0	0	0	0
NDT80_PhoG	Nepo_coat	1399	0	0	0	0	0	0	0	0	0
NEAT	Neur_chan_LBD	1400	0	0	0	0	0	0	0	0	0
Nepo_coat	Neur_chan_memb	1401	0	0	0	0	0	0	0	0	0
NERD	Neurochondrin	1402	0	0	0	0	0	0	0	0	0
Neurochondrin	Nexin_C	1403	0	0	0	0	0	0	0	0	0
Neur_chan_LBD	NfeD	1404	0	0	0	0	0	0	0	0	0
Neur_chan_memb	Nha1_C	1405	0	0	0	0	0	0	0	0	0
Nexin_C	Ni_hydr_CYTB	1406	0	0	0	0	0	0	0	0	0
NfeD	Nic96	1407	0	0	0	0	0	0	0	0	0
Nha1_C	NicO	1408	0	0	0	0	0	0	0	0	0
Nic96	NikM	1409	0	0	0	0	0	0	0	0	0
NicO	Nitroreductase	1410	0	0	0	0	0	0	0	0	0
NIF	NmrA	1411	0	0	0	0	0	0	0	0	0
NIF3	Nol1_Nop2_Fmu	1412	0	0	0	0	0	0	0	0	0
NikM	Nop16	1413	0	0	0	0	0	0	0	0	0
NIPSNAP	Nop52	1414	0	0	0	0	0	0	0	0	0
NIT	NotI	1415	0	0	0	0	0	0	0	0	0
Nitroreductase	Npa1	1416	0	0	0	0	0	0	0	0	0
Ni_hydr_CYTB	NrfD	1417	0	0	0	0	0	0	0	0	0
NLPC_P60	Nse4	1418	0	0	0	0	0	0	0	0	0
NMD3	Nucleolin_N	1419	0	0	0	0	0	0	0	0	0
NmrA	Nucleopor_Nup85	1420	0	0	0	0	0	0	0	0	0
Nol1_Nop2_Fmu	Nucleoporin_C	1421	0	0	0	0	0	0	0	0	0
Nop16	Nucleoporin_N	1422	0	0	0	0	0	0	0	0	0
Nop52	Nucleotid_trans	1423	0	0	0	0	0	0	0	0	0
NotI	Nuf2	1424	0	0	0	0	0	0	0	0	0
Npa1	Nup160	1425	0	0	0	0	0	0	0	0	0
NrfD	Nup84_Nup100	1426	0	0	0	0	0	0	0	0	0
Nse4	Nup96	1427	0	0	0	0	0	0	0	0	0
NTF2	NurA	1428	0	0	0	0	0	0	0	0	0
NTP_transferase	NusB	1429	0	0	0	0	0	0	0	0	0
NTP_transf_2	O-FucT	1430	0	0	0	0	0	0	0	0	0
NTR	ODC_AZ	1431	0	0	0	0	0	0	0	0	0
Nucleolin_N	OEP	1432	0	0	0	0	0	0	0	0	0
Nucleoporin_C	OGG_N	1433	0	0	0	0	0	0	0	0	0
Nucleoporin_N	OMPdecase	1434	0	0	0	0	0	0	0	0	0
Nucleopor_Nup85	OPT	1435	0	0	0	0	0	0	0	0	0
Nucleotid_trans	ORC2	1436	0	0	0	0	0	0	0	0	0
NUDIX	ORC3_N	1437	0	0	0	0	0	0	0	0	0
NUDIX-like	ORC6	1438	0	0	0	0	0	0	0	0	0
Nuf2	OST3_OST6	1439	0	0	0	0	0	0	0	0	0
Nup160	OTU	1440	0	0	0	0	0	0	0	0	0
NUP50	Omp28	1441	0	0	0	0	0	0	0	0	0
Nup84_Nup100	OmpA	1442	0	0	0	0	0	0	0	0	0
Nup96	OmpH	1443	0	0	0	0	0	0	0	0	0
NurA	Opi1	1444	0	0	0	0	0	0	0	0	0
NusB	OprB	1445	0	0	0	0	0	0	0	0	0
O-FucT	OpuAC	1446	0	0	0	0	0	0	0	0	0
ODC_AZ	Orbi_NS1	1447	0	0	0	0	0	0	0	0	0
OEP	Orbi_VP2	1448	0	0	0	0	0	0	0	0	0
OGG_N	Orbi_VP7	1449	0	0	0	0	0	0	0	0	0
Omp28	Orn_Arg_deC_N	1450	0	0	0	0	0	0	0	0	0
OmpA	Orthopox_35kD	1451	0	0	0	0	0	0	0	0	0
OMPdecase	Orthopox_N1	1452	0	0	0	0	0	0	0	0	0
OmpH	OsmC	1453	0	0	0	0	0	0	0	0	0
Opi1	OstA	1454	0	0	0	0	0	0	0	0	0
OprB	OstA_C	1455	0	0	0	0	0	0	0	0	0
OPT	Oxidored_nitro	1456	0	0	0	0	0	0	0	0	0
OpuAC	Oxidored_q3	1457	0	0	0	0	0	0	0	0	0
Orbi_NS1	Oxysterol_BP	1458	0	0	0	0	0	0	0	0	0
Orbi_VP2	P22_CoatProtein	1459	0	0	0	0	0	0	0	0	0
Orbi_VP7	P2_Phage_GpR	1460	0	0	0	0	0	0	0	0	0
ORC2	PA	1461	0	0	0	0	0	0	0	0	0
ORC3_N	PA14	1462	0	0	0	0	0	0	0	0	0
ORC6	PAC2	1463	0	0	0	0	0	0	0	0	0
Orn_Arg_deC_N	PALP	1464	0	0	0	0	0	0	0	0	0
Orthopox_35kD	PAN_1	1465	0	0	0	0	0	0	0	0	0
Orthopox_N1	PAP1	1466	0	0	0	0	0	0	0	0	0
OsmC	PAP2	1467	0	0	0	0	0	0	0	0	0
OST3_OST6	PAPS_reduct	1468	0	0	0	0	0	0	0	0	0
OstA	PARP	1469	0	0	0	0	0	0	0	0	0
OstA_C	PAS	1470	0	0	0	0	0	0	0	0	0
OTU	PAS_3	1471	0	0	0	0	0	0	0	0	0
Oxidored_nitro	PAS_4	1472	0	0	0	0	0	0	0	0	0
Oxidored_q3	PAT1	1473	0	0	0	0	0	0	0	0	0
Oxysterol_BP	PAZ	1474	0	0	0	0	0	0	0	0	0
P22_CoatProtein	PB1	1475	0	0	0	0	0	0	0	0	0
P2_Phage_GpR	PBP5_C	1476	0	0	0	0	0	0	0	0	0
p450	PBP_GOBP	1477	0	0	0	0	0	0	0	0	0
PA	PBP_dimer	1478	0	0	0	0	0	0	0	0	0
PA14	PCI	1479	0	0	0	0	0	0	0	0	0
PaaA_PaaC	PCI_Csn8	1480	0	0	0	0	0	0	0	0	0
PAC2	PDCD9	1481	0	0	0	0	0	0	0	0	0
Paf1	PDEase_I_N	1482	0	0	0	0	0	0	0	0	0
PagL	PDH	1483	0	0	0	0	0	0	0	0	0
PalH	PDZ	1484	0	0	0	0	0	0	0	0	0
PALP	PEX11	1485	0	0	0	0	0	0	0	0	0
PAN_1	PFL	1486	0	0	0	0	0	0	0	0	0
PAP1	PGAM	1487	0	0	0	0	0	0	0	0	0
PAP2	PGAP1	1488	0	0	0	0	0	0	0	0	0
PAPS_reduct	PGM_PMM_II	1489	0	0	0	0	0	0	0	0	0
Paramyx_P_V	PG_binding_4	1490	0	0	0	0	0	0	0	0	0
Paramyx_RNA_pol	PH	1491	0	0	0	0	0	0	0	0	0
ParBc	PHA-1	1492	0	0	0	0	0	0	0	0	0
PARP	PHA_synth_III_E	1493	0	0	0	0	0	0	0	0	0
Parvo_coat	PHP	1494	0	0	0	0	0	0	0	0	0
Parvo_NS1	PI-PLC-X	1495	0	0	0	0	0	0	0	0	0
PAS	PI3K_C2	1496	0	0	0	0	0	0	0	0	0
PAS_3	PI3K_rbd	1497	0	0	0	0	0	0	0	0	0
PAS_4	PI3Ka	1498	0	0	0	0	0	0	0	0	0
PAT1	PI3_PI4_kinase	1499	0	0	0	0	0	0	0	0	0
Patatin	PID	1500	0	0	0	0	0	0	0	0	0
PAZ	PIG-S	1501	0	0	0	0	0	0	0	0	0
PB1	PIH1	1502	0	0	0	0	0	0	0	0	0
PBP5_C	PIN	1503	0	0	0	0	0	0	0	0	0
PBP_dimer	PKD	1504	0	0	0	0	0	0	0	0	0
PBP_GOBP	PKD_channel	1505	0	0	0	0	0	0	0	0	0
PCI	PKK	1506	0	0	0	0	0	0	0	0	0
PCI_Csn8	PLAT	1507	0	0	0	0	0	0	0	0	0
PDCD9	PLU-1	1508	0	0	0	0	0	0	0	0	0
PDEase_I_N	PMD	1509	0	0	0	0	0	0	0	0	0
PDH	PMEI	1510	0	0	0	0	0	0	0	0	0
PDZ	PMP22_Claudin	1511	0	0	0	0	0	0	0	0	0
Penicil_amidase	PMT	1512	0	0	0	0	0	0	0	0	0
Peptidase_A21	PMT_C	1513	0	0	0	0	0	0	0	0	0
Peptidase_A24	PNP_UDP_1	1514	0	0	0	0	0	0	0	0	0
Peptidase_C11	POR	1515	0	0	0	0	0	0	0	0	0
Peptidase_C13	PP2C	1516	0	0	0	0	0	0	0	0	0
Peptidase_C14	PPDK_N	1517	0	0	0	0	0	0	0	0	0
Peptidase_C26	PPP4R2	1518	0	0	0	0	0	0	0	0	0
Peptidase_C3	PRA-PH	1519	0	0	0	0	0	0	0	0	0
Peptidase_C4	PRA1	1520	0	0	0	0	0	0	0	0	0
Peptidase_C48	PRC	1521	0	0	0	0	0	0	0	0	0
Peptidase_C50	PRD	1522	0	0	0	0	0	0	0	0	0
Peptidase_C58	PRD_Mga	1523	0	0	0	0	0	0	0	0	0
Peptidase_C65	PRKCSH	1524	0	0	0	0	0	0	0	0	0
Peptidase_M1	PRP21_like_P	1525	0	0	0	0	0	0	0	0	0
Peptidase_M13	PS_pyruv_trans	1526	0	0	0	0	0	0	0	0	0
Peptidase_M13_N	PTB	1527	0	0	0	0	0	0	0	0	0
Peptidase_M14	PTEN_C2	1528	0	0	0	0	0	0	0	0	0
Peptidase_M16_C	PTPS_related	1529	0	0	0	0	0	0	0	0	0
Peptidase_M17_N	PTR2	1530	0	0	0	0	0	0	0	0	0
Peptidase_M18	PTS_EIIA_2	1531	0	0	0	0	0	0	0	0	0
Peptidase_M20	PTS_EIIC	1532	0	0	0	0	0	0	0	0	0
Peptidase_M22	PTase_Orf2	1533	0	0	0	0	0	0	0	0	0
Peptidase_M24	PUF	1534	0	0	0	0	0	0	0	0	0
Peptidase_M3	PUL	1535	0	0	0	0	0	0	0	0	0
Peptidase_M48	PX	1536	0	0	0	0	0	0	0	0	0
Peptidase_M50	P_ATPase	1537	0	0	0	0	0	0	0	0	0
Peptidase_M56	PaaA_PaaC	1538	0	0	0	0	0	0	0	0	0
Peptidase_M64	Paf1	1539	0	0	0	0	0	0	0	0	0
Peptidase_M66	PagL	1540	0	0	0	0	0	0	0	0	0
Peptidase_M75	PalH	1541	0	0	0	0	0	0	0	0	0
Peptidase_M9_N	ParBc	1542	0	0	0	0	0	0	0	0	0
Peptidase_S10	Paramyx_P_V	1543	0	0	0	0	0	0	0	0	0
Peptidase_S15	Paramyx_RNA_pol	1544	0	0	0	0	0	0	0	0	0
Peptidase_S30	Parvo_NS1	1545	0	0	0	0	0	0	0	0	0
Peptidase_S39	Parvo_coat	1546	0	0	0	0	0	0	0	0	0
Peptidase_S41	Patatin	1547	0	0	0	0	0	0	0	0	0
Peptidase_S7	Penicil_amidase	1548	0	0	0	0	0	0	0	0	0
Peptidase_S8	PepX_C	1549	0	0	0	0	0	0	0	0	0
Peptidase_S9	Pep_M12B_propep	1550	0	0	0	0	0	0	0	0	0
Peptidase_S9_N	Peptidase_A21	1551	0	0	0	0	0	0	0	0	0
Peptidase_U32	Peptidase_A24	1552	0	0	0	0	0	0	0	0	0
Peptidase_U35	Peptidase_C11	1553	0	0	0	0	0	0	0	0	0
Peptidase_U4	Peptidase_C13	1554	0	0	0	0	0	0	0	0	0
Peptidase_U49	Peptidase_C14	1555	0	0	0	0	0	0	0	0	0
PepX_C	Peptidase_C26	1556	0	0	0	0	0	0	0	0	0
Pep_M12B_propep	Peptidase_C3	1557	0	0	0	0	0	0	0	0	0
Perilipin	Peptidase_C4	1558	0	0	0	0	0	0	0	0	0
Period_C	Peptidase_C48	1559	0	0	0	0	0	0	0	0	0
Peripla_BP_1	Peptidase_C50	1560	0	0	0	0	0	0	0	0	0
Peripla_BP_2	Peptidase_C58	1561	0	0	0	0	0	0	0	0	0
PEX11	Peptidase_C65	1562	0	0	0	0	0	0	0	0	0
Pex16	Peptidase_M1	1563	0	0	0	0	0	0	0	0	0
Pex24p	Peptidase_M13	1564	0	0	0	0	0	0	0	0	0
Pex2_Pex12	Peptidase_M13_N	1565	0	0	0	0	0	0	0	0	0
PfkB	Peptidase_M14	1566	0	0	0	0	0	0	0	0	0
PFL	Peptidase_M16_C	1567	0	0	0	0	0	0	0	0	0
PGAM	Peptidase_M17_N	1568	0	0	0	0	0	0	0	0	0
PGAP1	Peptidase_M18	1569	0	0	0	0	0	0	0	0	0
PglZ	Peptidase_M20	1570	0	0	0	0	0	0	0	0	0
PGM_PMM_II	Peptidase_M22	1571	0	0	0	0	0	0	0	0	0
PG_binding_4	Peptidase_M24	1572	0	0	0	0	0	0	0	0	0
PH	Peptidase_M3	1573	0	0	0	0	0	0	0	0	0
PHA-1	Peptidase_M48	1574	0	0	0	0	0	0	0	0	0
Phage-Gp8	Peptidase_M50	1575	0	0	0	0	0	0	0	0	0
PhageMin_Tail	Peptidase_M56	1576	0	0	0	0	0	0	0	0	0
Phage_ASH	Peptidase_M64	1577	0	0	0	0	0	0	0	0	0
Phage_capsid	Peptidase_M66	1578	0	0	0	0	0	0	0	0	0
Phage_CRI	Peptidase_M75	1579	0	0	0	0	0	0	0	0	0
Phage_gp53	Peptidase_M9_N	1580	0	0	0	0	0	0	0	0	0
Phage_GPD	Peptidase_S10	1581	0	0	0	0	0	0	0	0	0
Phage_H_T_join	Peptidase_S15	1582	0	0	0	0	0	0	0	0	0
Phage_integrase	Peptidase_S30	1583	0	0	0	0	0	0	0	0	0
Phage_integr_N	Peptidase_S39	1584	0	0	0	0	0	0	0	0	0
Phage_lysozyme	Peptidase_S41	1585	0	0	0	0	0	0	0	0	0
Phage_mat-A	Peptidase_S7	1586	0	0	0	0	0	0	0	0	0
Phage_Mu_F	Peptidase_S8	1587	0	0	0	0	0	0	0	0	0
Phage_Mu_Gam	Peptidase_S9	1588	0	0	0	0	0	0	0	0	0
Phage_portal	Peptidase_S9_N	1589	0	0	0	0	0	0	0	0	0
Phage_prot_Gp6	Peptidase_U32	1590	0	0	0	0	0	0	0	0	0
Phage_QLRG	Peptidase_U35	1591	0	0	0	0	0	0	0	0	0
Phage_sheath_1	Peptidase_U4	1592	0	0	0	0	0	0	0	0	0
Phage_T4_gp19	Peptidase_U49	1593	0	0	0	0	0	0	0	0	0
Phage_tail_2	Perilipin	1594	0	0	0	0	0	0	0	0	0
Phasin_2	Period_C	1595	0	0	0	0	0	0	0	0	0
PHA_synth_III_E	Peripla_BP_1	1596	0	0	0	0	0	0	0	0	0
Phenol_Hydrox	Peripla_BP_2	1597	0	0	0	0	0	0	0	0	0
Pho88	Pex16	1598	0	0	0	0	0	0	0	0	0
PhoD	Pex24p	1599	0	0	0	0	0	0	0	0	0
Phosphodiest	Pex2_Pex12	1600	0	0	0	0	0	0	0	0	0
Phosphoesterase	PfkB	1601	0	0	0	0	0	0	0	0	0
PhoU	PglZ	1602	0	0	0	0	0	0	0	0	0
PhoU_div	Phage-Gp8	1603	0	0	0	0	0	0	0	0	0
PHP	PhageMin_Tail	1604	0	0	0	0	0	0	0	0	0
PhyH	Phage_ASH	1605	0	0	0	0	0	0	0	0	0
PI-PLC-X	Phage_CRI	1606	0	0	0	0	0	0	0	0	0
PI3Ka	Phage_GPD	1607	0	0	0	0	0	0	0	0	0
PI3K_C2	Phage_H_T_join	1608	0	0	0	0	0	0	0	0	0
PI3K_rbd	Phage_Mu_F	1609	0	0	0	0	0	0	0	0	0
PI3_PI4_kinase	Phage_Mu_Gam	1610	0	0	0	0	0	0	0	0	0
PID	Phage_QLRG	1611	0	0	0	0	0	0	0	0	0
PIG-S	Phage_T4_gp19	1612	0	0	0	0	0	0	0	0	0
PIH1	Phage_capsid	1613	0	0	0	0	0	0	0	0	0
PilN	Phage_gp53	1614	0	0	0	0	0	0	0	0	0
PilZ	Phage_integr_N	1615	0	0	0	0	0	0	0	0	0
PIN	Phage_integrase	1616	0	0	0	0	0	0	0	0	0
Piwi	Phage_lysozyme	1617	0	0	0	0	0	0	0	0	0
PixA	Phage_mat-A	1618	0	0	0	0	0	0	0	0	0
PKD	Phage_portal	1619	0	0	0	0	0	0	0	0	0
PKD_channel	Phage_prot_Gp6	1620	0	0	0	0	0	0	0	0	0
PKK	Phage_sheath_1	1621	0	0	0	0	0	0	0	0	0
Plasmid_stabil	Phage_tail_2	1622	0	0	0	0	0	0	0	0	0
Plasmodium_Vir	Phasin_2	1623	0	0	0	0	0	0	0	0	0
PLAT	Phenol_Hydrox	1624	0	0	0	0	0	0	0	0	0
PLU-1	Pho88	1625	0	0	0	0	0	0	0	0	0
PmbA_TldD	PhoD	1626	0	0	0	0	0	0	0	0	0
PMD	PhoU	1627	0	0	0	0	0	0	0	0	0
PMEI	PhoU_div	1628	0	0	0	0	0	0	0	0	0
PMP22_Claudin	Phosphodiest	1629	0	0	0	0	0	0	0	0	0
PMT	Phosphoesterase	1630	0	0	0	0	0	0	0	0	0
PMT_C	PhyH	1631	0	0	0	0	0	0	0	0	0
PNP_UDP_1	PilN	1632	0	0	0	0	0	0	0	0	0
Polyketide_cyc	PilZ	1633	0	0	0	0	0	0	0	0	0
Polyketide_cyc2	Piwi	1634	0	0	0	0	0	0	0	0	0
polyprenyl_synt	PixA	1635	0	0	0	0	0	0	0	0	0
Polysacc_deac_1	Plasmid_stabil	1636	0	0	0	0	0	0	0	0	0
Polysacc_synt	Plasmodium_Vir	1637	0	0	0	0	0	0	0	0	0
Pol_alpha_B_N	PmbA_TldD	1638	0	0	0	0	0	0	0	0	0
POR	Pol_alpha_B_N	1639	0	0	0	0	0	0	0	0	0
Porin_1	Polyketide_cyc	1640	0	0	0	0	0	0	0	0	0
Porin_3	Polyketide_cyc2	1641	0	0	0	0	0	0	0	0	0
Porin_O_P	Polysacc_deac_1	1642	0	0	0	0	0	0	0	0	0
Poty_PP	Polysacc_synt	1643	0	0	0	0	0	0	0	0	0
Poxvirus_B22R	Porin_1	1644	0	0	0	0	0	0	0	0	0
Pox_C4_C10	Porin_3	1645	0	0	0	0	0	0	0	0	0
Pox_D5	Porin_O_P	1646	0	0	0	0	0	0	0	0	0
Pox_E2	Poty_PP	1647	0	0	0	0	0	0	0	0	0
Pox_F11	Pox_C4_C10	1648	0	0	0	0	0	0	0	0	0
Pox_MCEL	Pox_D5	1649	0	0	0	0	0	0	0	0	0
Pox_Rap94	Pox_E2	1650	0	0	0	0	0	0	0	0	0
Pox_ser-thr_kin	Pox_F11	1651	0	0	0	0	0	0	0	0	0
Pox_VLTF3	Pox_MCEL	1652	0	0	0	0	0	0	0	0	0
PP2C	Pox_Rap94	1653	0	0	0	0	0	0	0	0	0
PPDK_N	Pox_VLTF3	1654	0	0	0	0	0	0	0	0	0
PPP4R2	Pox_ser-thr_kin	1655	0	0	0	0	0	0	0	0	0
Ppx-GppA	Poxvirus_B22R	1656	0	0	0	0	0	0	0	0	0
PqiA	Ppx-GppA	1657	0	0	0	0	0	0	0	0	0
PRA-PH	PqiA	1658	0	0	0	0	0	0	0	0	0
PRA1	Prefoldin	1659	0	0	0	0	0	0	0	0	0
PRC	Prefoldin_2	1660	0	0	0	0	0	0	0	0	0
PRD	PrgH	1661	0	0	0	0	0	0	0	0	0
PRD_Mga	Pribosyltran	1662	0	0	0	0	0	0	0	0	0
Prefoldin	Prim-Pol	1663	0	0	0	0	0	0	0	0	0
Prefoldin_2	Prismane	1664	0	0	0	0	0	0	0	0	0
PrgH	Pro_CA	1665	0	0	0	0	0	0	0	0	0
Pribosyltran	Pro_dh	1666	0	0	0	0	0	0	0	0	0
Prim-Pol	Pro_isomerase	1667	0	0	0	0	0	0	0	0	0
Prismane	Prominin	1668	0	0	0	0	0	0	0	0	0
PRKCSH	Propeptide_C25	1669	0	0	0	0	0	0	0	0	0
Prominin	Proteasom_PSMB	1670	0	0	0	0	0	0	0	0	0
Propeptide_C25	PrpR_N	1671	0	0	0	0	0	0	0	0	0
Proteasom_PSMB	PseudoU_synth_1	1672	0	0	0	0	0	0	0	0	0
Pro_CA	PseudoU_synth_2	1673	0	0	0	0	0	0	0	0	0
Pro_dh	PsiE	1674	0	0	0	0	0	0	0	0	0
Pro_isomerase	Pterin_bind	1675	0	0	0	0	0	0	0	0	0
PRP21_like_P	Pyr_excise	1676	0	0	0	0	0	0	0	0	0
PrpR_N	Pyr_redox_2	1677	0	0	0	0	0	0	0	0	0
PseudoU_synth_1	Pyridox_oxidase	1678	0	0	0	0	0	0	0	0	0
PseudoU_synth_2	Pyridoxal_deC	1679	0	0	0	0	0	0	0	0	0
PsiE	RA	1680	0	0	0	0	0	0	0	0	0
PS_pyruv_trans	RAI16-like	1681	0	0	0	0	0	0	0	0	0
PTase_Orf2	RAMPs	1682	0	0	0	0	0	0	0	0	0
PTB	RCR	1683	0	0	0	0	0	0	0	0	0
PTEN_C2	RDD	1684	0	0	0	0	0	0	0	0	0
Pterin_bind	REGB_T4	1685	0	0	0	0	0	0	0	0	0
PTPS_related	REJ	1686	0	0	0	0	0	0	0	0	0
PTR2	RES	1687	0	0	0	0	0	0	0	0	0
PTS_EIIA_2	RE_AlwI	1688	0	0	0	0	0	0	0	0	0
PTS_EIIC	RE_CfrBI	1689	0	0	0	0	0	0	0	0	0
PUF	RE_HindIII	1690	0	0	0	0	0	0	0	0	0
PUL	RE_LlaJI	1691	0	0	0	0	0	0	0	0	0
PX	RE_NgoFVII	1692	0	0	0	0	0	0	0	0	0
Pyridoxal_deC	RFC1	1693	0	0	0	0	0	0	0	0	0
Pyridox_oxidase	RIC1	1694	0	0	0	0	0	0	0	0	0
Pyr_excise	RINT1_TIP1	1695	0	0	0	0	0	0	0	0	0
Pyr_redox_2	RIP	1696	0	0	0	0	0	0	0	0	0
P_ATPase	RNA_lig_T4_1	1697	0	0	0	0	0	0	0	0	0
RA	RNA_ligase	1698	0	0	0	0	0	0	0	0	0
Rab5-bind	RNA_pol	1699	0	0	0	0	0	0	0	0	0
Rad1	RNA_polI_A34	1700	0	0	0	0	0	0	0	0	0
Rad4	RNA_pol_I_A49	1701	0	0	0	0	0	0	0	0	0
Rad50_zn_hook	RNA_pol_L	1702	0	0	0	0	0	0	0	0	0
Rad52_Rad22	RNA_pol_Rpb1_3	1703	0	0	0	0	0	0	0	0	0
Radical_SAM	RNA_pol_Rpb1_4	1704	0	0	0	0	0	0	0	0	0
RAI16-like	RNA_pol_Rpb1_5	1705	0	0	0	0	0	0	0	0	0
RAMPs	RNA_pol_Rpb2_1	1706	0	0	0	0	0	0	0	0	0
RasGAP	RNA_pol_Rpb2_2	1707	0	0	0	0	0	0	0	0	0
RasGEF	RNA_pol_Rpb4	1708	0	0	0	0	0	0	0	0	0
RasGEF_N	RNA_pol_Rpb7_N	1709	0	0	0	0	0	0	0	0	0
RCR	RNA_pol_Rpc34	1710	0	0	0	0	0	0	0	0	0
RDD	RNA_pol_Rpc82	1711	0	0	0	0	0	0	0	0	0
RdRP_1	RNB	1712	0	0	0	0	0	0	0	0	0
RdRP_2	RNR_inhib	1713	0	0	0	0	0	0	0	0	0
RdRP_3	RNase_H2-Ydr279	1714	0	0	0	0	0	0	0	0	0
RdRP_4	RNase_H2_suC	1715	0	0	0	0	0	0	0	0	0
Recombinase	RNase_PH	1716	0	0	0	0	0	0	0	0	0
RecO_C	RNase_P_Rpp14	1717	0	0	0	0	0	0	0	0	0
RecT	RNase_P_pop3	1718	0	0	0	0	0	0	0	0	0
Red1	RPN7	1719	0	0	0	0	0	0	0	0	0
Redoxin	RTC	1720	0	0	0	0	0	0	0	0	0
REGB_T4	RUN	1721	0	0	0	0	0	0	0	0	0
Regulator_TrmB	RVP	1722	0	0	0	0	0	0	0	0	0
REJ	RVT_1	1723	0	0	0	0	0	0	0	0	0
Relaxase	RWD	1724	0	0	0	0	0	0	0	0	0
RepB	RYDR_ITPR	1725	0	0	0	0	0	0	0	0	0
Rep_2	Rab5-bind	1726	0	0	0	0	0	0	0	0	0
Rep_3	Rad1	1727	0	0	0	0	0	0	0	0	0
Rep_4	Rad4	1728	0	0	0	0	0	0	0	0	0
Rep_N	Rad50_zn_hook	1729	0	0	0	0	0	0	0	0	0
Rep_trans	Rad52_Rad22	1730	0	0	0	0	0	0	0	0	0
RES	Radical_SAM	1731	0	0	0	0	0	0	0	0	0
ResB	RasGAP	1732	0	0	0	0	0	0	0	0	0
ResIII	RasGEF	1733	0	0	0	0	0	0	0	0	0
Response_reg	RasGEF_N	1734	0	0	0	0	0	0	0	0	0
Reticulon	RdRP_1	1735	0	0	0	0	0	0	0	0	0
Retrotrans_gag	RdRP_2	1736	0	0	0	0	0	0	0	0	0
RE_AlwI	RdRP_3	1737	0	0	0	0	0	0	0	0	0
RE_CfrBI	RdRP_4	1738	0	0	0	0	0	0	0	0	0
RE_HindIII	RecO_C	1739	0	0	0	0	0	0	0	0	0
RE_LlaJI	RecT	1740	0	0	0	0	0	0	0	0	0
RE_NgoFVII	Recombinase	1741	0	0	0	0	0	0	0	0	0
RFC1	Red1	1742	0	0	0	0	0	0	0	0	0
Rft-1	Redoxin	1743	0	0	0	0	0	0	0	0	0
Rgp1	Regulator_TrmB	1744	0	0	0	0	0	0	0	0	0
Rhabdo_glycop	Relaxase	1745	0	0	0	0	0	0	0	0	0
Rhabdo_ncap	RepB	1746	0	0	0	0	0	0	0	0	0
Rhodanese	Rep_2	1747	0	0	0	0	0	0	0	0	0
RhoGAP	Rep_3	1748	0	0	0	0	0	0	0	0	0
RhoGEF	Rep_4	1749	0	0	0	0	0	0	0	0	0
Rhomboid	Rep_N	1750	0	0	0	0	0	0	0	0	0
Rhv	Rep_trans	1751	0	0	0	0	0	0	0	0	0
RibD_C	ResB	1752	0	0	0	0	0	0	0	0	0
Ribonuclease	ResIII	1753	0	0	0	0	0	0	0	0	0
Ribonuclease_3	Response_reg	1754	0	0	0	0	0	0	0	0	0
Ribonuclease_BN	Reticulon	1755	0	0	0	0	0	0	0	0	0
Ribonuc_P_40	Retrotrans_gag	1756	0	0	0	0	0	0	0	0	0
Ribophorin_I	Rft-1	1757	0	0	0	0	0	0	0	0	0
Ribosomal_L50	Rgp1	1758	0	0	0	0	0	0	0	0	0
Ribosomal_L6	Rhabdo_glycop	1759	0	0	0	0	0	0	0	0	0
Ribosomal_S4	Rhabdo_ncap	1760	0	0	0	0	0	0	0	0	0
RIC1	RhoGAP	1761	0	0	0	0	0	0	0	0	0
Ric8	RhoGEF	1762	0	0	0	0	0	0	0	0	0
Ricin_B_lectin	Rhodanese	1763	0	0	0	0	0	0	0	0	0
Rif1_N	Rhomboid	1764	0	0	0	0	0	0	0	0	0
Rifin_STEVOR	Rhv	1765	0	0	0	0	0	0	0	0	0
Ring_hydroxyl_A	RibD_C	1766	0	0	0	0	0	0	0	0	0
RINT1_TIP1	Ribonuc_P_40	1767	0	0	0	0	0	0	0	0	0
RIP	Ribonuclease	1768	0	0	0	0	0	0	0	0	0
RmuC	Ribonuclease_3	1769	0	0	0	0	0	0	0	0	0
RNase_H2-Ydr279	Ribonuclease_BN	1770	0	0	0	0	0	0	0	0	0
RNase_H2_suC	Ribophorin_I	1771	0	0	0	0	0	0	0	0	0
RNase_PH	Ribosomal_L50	1772	0	0	0	0	0	0	0	0	0
RNase_P_pop3	Ribosomal_L6	1773	0	0	0	0	0	0	0	0	0
RNase_P_Rpp14	Ribosomal_S4	1774	0	0	0	0	0	0	0	0	0
RNA_ligase	Ric8	1775	0	0	0	0	0	0	0	0	0
RNA_lig_T4_1	Ricin_B_lectin	1776	0	0	0	0	0	0	0	0	0
RNA_pol	Rif1_N	1777	0	0	0	0	0	0	0	0	0
RNA_polI_A34	Rifin_STEVOR	1778	0	0	0	0	0	0	0	0	0
RNA_pol_I_A49	Ring_hydroxyl_A	1779	0	0	0	0	0	0	0	0	0
RNA_pol_L	RmuC	1780	0	0	0	0	0	0	0	0	0
RNA_pol_Rpb1_3	Robl_LC7	1781	0	0	0	0	0	0	0	0	0
RNA_pol_Rpb1_4	Rod_C	1782	0	0	0	0	0	0	0	0	0
RNA_pol_Rpb1_5	Rogdi_lz	1783	0	0	0	0	0	0	0	0	0
RNA_pol_Rpb2_1	RolB_RolC	1784	0	0	0	0	0	0	0	0	0
RNA_pol_Rpb2_2	Rrn6	1785	0	0	0	0	0	0	0	0	0
RNA_pol_Rpb4	RrnaAD	1786	0	0	0	0	0	0	0	0	0
RNA_pol_Rpb7_N	RteC	1787	0	0	0	0	0	0	0	0	0
RNA_pol_Rpc34	Rtt106	1788	0	0	0	0	0	0	0	0	0
RNA_pol_Rpc82	Rubis-subs-bind	1789	0	0	0	0	0	0	0	0	0
RNB	RusA	1790	0	0	0	0	0	0	0	0	0
RNR_inhib	S-methyl_trans	1791	0	0	0	0	0	0	0	0	0
Robl_LC7	SAC3_GANP	1792	0	0	0	0	0	0	0	0	0
Rod_C	SAM_2	1793	0	0	0	0	0	0	0	0	0
Rogdi_lz	SAM_PNT	1794	0	0	0	0	0	0	0	0	0
RolB_RolC	SAPS	1795	0	0	0	0	0	0	0	0	0
RPN7	SART-1	1796	0	0	0	0	0	0	0	0	0
Rrn6	SBF	1797	0	0	0	0	0	0	0	0	0
RrnaAD	SBP_bac_1	1798	0	0	0	0	0	0	0	0	0
RTC	SBP_bac_10	1799	0	0	0	0	0	0	0	0	0
RteC	SBP_bac_3	1800	0	0	0	0	0	0	0	0	0
Rtt106	SBP_bac_5	1801	0	0	0	0	0	0	0	0	0
Rubis-subs-bind	SBP_bac_7	1802	0	0	0	0	0	0	0	0	0
RUN	SBP_bac_9	1803	0	0	0	0	0	0	0	0	0
RusA	SCP2	1804	0	0	0	0	0	0	0	0	0
rve	SDF	1805	0	0	0	0	0	0	0	0	0
RVP	SDH_alpha	1806	0	0	0	0	0	0	0	0	0
RVT_1	SEA	1807	0	0	0	0	0	0	0	0	0
RWD	SEFIR	1808	0	0	0	0	0	0	0	0	0
RYDR_ITPR	SET	1809	0	0	0	0	0	0	0	0	0
S-methyl_trans	SGT1	1810	0	0	0	0	0	0	0	0	0
s48_45	SH3_2	1811	0	0	0	0	0	0	0	0	0
SAC3_GANP	SIMPL	1812	0	0	0	0	0	0	0	0	0
Saccharop_dh	SIM_C	1813	0	0	0	0	0	0	0	0	0
Salp15	SIN1	1814	0	0	0	0	0	0	0	0	0
SAM_2	SIS	1815	0	0	0	0	0	0	0	0	0
SAM_PNT	SLBB	1816	0	0	0	0	0	0	0	0	0
SAPS	SLD3	1817	0	0	0	0	0	0	0	0	0
Sarcoglycan_1	SLT	1818	0	0	0	0	0	0	0	0	0
Sarcoglycan_2	SMC_N	1819	0	0	0	0	0	0	0	0	0
SART-1	SMC_Nse1	1820	0	0	0	0	0	0	0	0	0
Sas10_Utp3	SMI1_KNR4	1821	0	0	0	0	0	0	0	0	0
Saw1	SNARE_assoc	1822	0	0	0	0	0	0	0	0	0
SbcD_C	SNF2_N	1823	0	0	0	0	0	0	0	0	0
SBF	SNF2_assoc	1824	0	0	0	0	0	0	0	0	0
SBP_bac_1	SOCS	1825	0	0	0	0	0	0	0	0	0
SBP_bac_10	SOG2	1826	0	0	0	0	0	0	0	0	0
SBP_bac_3	SPB_interacting	1827	0	0	0	0	0	0	0	0	0
SBP_bac_5	SPC25	1828	0	0	0	0	0	0	0	0	0
SBP_bac_7	SPDY	1829	0	0	0	0	0	0	0	0	0
SBP_bac_9	SPK	1830	0	0	0	0	0	0	0	0	0
SCP2	SPO22	1831	0	0	0	0	0	0	0	0	0
ScpA_ScpB	SPOC	1832	0	0	0	0	0	0	0	0	0
SDF	SPOR	1833	0	0	0	0	0	0	0	0	0
SDH_alpha	SPRY	1834	0	0	0	0	0	0	0	0	0
Sdh_cyt	SPX	1835	0	0	0	0	0	0	0	0	0
Sds3	SRCR	1836	0	0	0	0	0	0	0	0	0
SEA	SRP54_N	1837	0	0	0	0	0	0	0	0	0
Sec1	SSB	1838	0	0	0	0	0	0	0	0	0
Sec10	START	1839	0	0	0	0	0	0	0	0	0
Sec15	STAS	1840	0	0	0	0	0	0	0	0	0
Sec23_trunk	STT3	1841	0	0	0	0	0	0	0	0	0
Sec3	SUFU	1842	0	0	0	0	0	0	0	0	0
Sec39	SUR7	1843	0	0	0	0	0	0	0	0	0
Sec6	SURF1	1844	0	0	0	0	0	0	0	0	0
Sec63	Saccharop_dh	1845	0	0	0	0	0	0	0	0	0
Sec7	Salp15	1846	0	0	0	0	0	0	0	0	0
Sec8_exocyst	Sarcoglycan_1	1847	0	0	0	0	0	0	0	0	0
SecA_DEAD	Sarcoglycan_2	1848	0	0	0	0	0	0	0	0	0
SecD_SecF	Sas10_Utp3	1849	0	0	0	0	0	0	0	0	0
Securin	Saw1	1850	0	0	0	0	0	0	0	0	0
SecY	SbcD_C	1851	0	0	0	0	0	0	0	0	0
SEFIR	ScpA_ScpB	1852	0	0	0	0	0	0	0	0	0
Sema	Sdh_cyt	1853	0	0	0	0	0	0	0	0	0
Semialdhyde_dhC	Sds3	1854	0	0	0	0	0	0	0	0	0
Serpin	Sec1	1855	0	0	0	0	0	0	0	0	0
SET	Sec10	1856	0	0	0	0	0	0	0	0	0
Sfi1	Sec15	1857	0	0	0	0	0	0	0	0	0
SGT1	Sec23_trunk	1858	0	0	0	0	0	0	0	0	0
SH3_2	Sec3	1859	0	0	0	0	0	0	0	0	0
Shikimate_DH	Sec39	1860	0	0	0	0	0	0	0	0	0
Shugoshin_N	Sec6	1861	0	0	0	0	0	0	0	0	0
Sigma70_ECF	Sec63	1862	0	0	0	0	0	0	0	0	0
Sigma70_ner	Sec7	1863	0	0	0	0	0	0	0	0	0
Sigma70_r2	Sec8_exocyst	1864	0	0	0	0	0	0	0	0	0
SIMPL	SecA_DEAD	1865	0	0	0	0	0	0	0	0	0
SIM_C	SecD_SecF	1866	0	0	0	0	0	0	0	0	0
SIN1	SecY	1867	0	0	0	0	0	0	0	0	0
Sina	Securin	1868	0	0	0	0	0	0	0	0	0
Sin_N	Sema	1869	0	0	0	0	0	0	0	0	0
SipA	Semialdhyde_dhC	1870	0	0	0	0	0	0	0	0	0
Sipho_tail	Serpin	1871	0	0	0	0	0	0	0	0	0
SIS	Sfi1	1872	0	0	0	0	0	0	0	0	0
SLBB	Shikimate_DH	1873	0	0	0	0	0	0	0	0	0
SLD3	Shugoshin_N	1874	0	0	0	0	0	0	0	0	0
Sld5	Sigma70_ECF	1875	0	0	0	0	0	0	0	0	0
SLT	Sigma70_ner	1876	0	0	0	0	0	0	0	0	0
Slx4	Sigma70_r2	1877	0	0	0	0	0	0	0	0	0
SMC_N	Sin_N	1878	0	0	0	0	0	0	0	0	0
SMC_Nse1	Sina	1879	0	0	0	0	0	0	0	0	0
SMI1_KNR4	SipA	1880	0	0	0	0	0	0	0	0	0
SNARE_assoc	Sipho_tail	1881	0	0	0	0	0	0	0	0	0
SNF2_assoc	Sld5	1882	0	0	0	0	0	0	0	0	0
SNF2_N	Slx4	1883	0	0	0	0	0	0	0	0	0
Snf7	Snf7	1884	0	0	0	0	0	0	0	0	0
SOCS	Spc24	1885	0	0	0	0	0	0	0	0	0
SOG2	Spc7	1886	0	0	0	0	0	0	0	0	0
SPB_interacting	Spc97_Spc98	1887	0	0	0	0	0	0	0	0	0
Spc24	Spectrin	1888	0	0	0	0	0	0	0	0	0
SPC25	Spermine_synth	1889	0	0	0	0	0	0	0	0	0
Spc7	SpoIIE	1890	0	0	0	0	0	0	0	0	0
Spc97_Spc98	Spore_GerAC	1891	0	0	0	0	0	0	0	0	0
SPDY	Spore_III_AF	1892	0	0	0	0	0	0	0	0	0
Spectrin	Spore_YhcN_YlaJ	1893	0	0	0	0	0	0	0	0	0
Spermine_synth	Spore_permease	1894	0	0	0	0	0	0	0	0	0
SPK	SprT-like	1895	0	0	0	0	0	0	0	0	0
SPO22	Spt20	1896	0	0	0	0	0	0	0	0	0
SPOC	Spt5_N	1897	0	0	0	0	0	0	0	0	0
SpoIIE	Sre	1898	0	0	0	0	0	0	0	0	0
SPOR	Srg	1899	0	0	0	0	0	0	0	0	0
Spore_GerAC	SseC	1900	0	0	0	0	0	0	0	0	0
Spore_III_AF	SspB	1901	0	0	0	0	0	0	0	0	0
Spore_permease	Staphylokinase	1902	0	0	0	0	0	0	0	0	0
Spore_YhcN_YlaJ	Stk19	1903	0	0	0	0	0	0	0	0	0
SprT-like	Stn1	1904	0	0	0	0	0	0	0	0	0
SPRY	Suc_Fer-like	1905	0	0	0	0	0	0	0	0	0
Spt20	Sugar-bind	1906	0	0	0	0	0	0	0	0	0
Spt5_N	Sugar_tr	1907	0	0	0	0	0	0	0	0	0
SPX	Sulfatase	1908	0	0	0	0	0	0	0	0	0
SRCR	Sulfate_transp	1909	0	0	0	0	0	0	0	0	0
Sre	Sulfotransfer_1	1910	0	0	0	0	0	0	0	0	0
Srg	Sulfotransfer_2	1911	0	0	0	0	0	0	0	0	0
SRP54_N	SusD	1912	0	0	0	0	0	0	0	0	0
SSB	Symplekin_C	1913	0	0	0	0	0	0	0	0	0
SseC	Syndecan	1914	0	0	0	0	0	0	0	0	0
SspB	Syntaxin	1915	0	0	0	0	0	0	0	0	0
Staphylokinase	T4SS	1916	0	0	0	0	0	0	0	0	0
START	T4_baseplate	1917	0	0	0	0	0	0	0	0	0
STAS	T4_gp9_10	1918	0	0	0	0	0	0	0	0	0
Stk19	T4_tail_cap	1919	0	0	0	0	0	0	0	0	0
Stn1	T5orf172	1920	0	0	0	0	0	0	0	0	0
STT3	TAF4	1921	0	0	0	0	0	0	0	0	0
Suc_Fer-like	TBC	1922	0	0	0	0	0	0	0	0	0
SUFU	TEA	1923	0	0	0	0	0	0	0	0	0
Sugar-bind	TENA_THI-4	1924	0	0	0	0	0	0	0	0	0
Sugar_tr	TFCD_C	1925	0	0	0	0	0	0	0	0	0
Sulfatase	TFIID_90kDa	1926	0	0	0	0	0	0	0	0	0
Sulfate_transp	TFIIE_alpha	1927	0	0	0	0	0	0	0	0	0
Sulfotransfer_1	TGFb_propeptide	1928	0	0	0	0	0	0	0	0	0
Sulfotransfer_2	TGT	1929	0	0	0	0	0	0	0	0	0
SUR7	THOC7	1930	0	0	0	0	0	0	0	0	0
SURF1	THUMP	1931	0	0	0	0	0	0	0	0	0
SusD	TIG	1932	0	0	0	0	0	0	0	0	0
Symplekin_C	TIMELESS_C	1933	0	0	0	0	0	0	0	0	0
Syndecan	TIMP	1934	0	0	0	0	0	0	0	0	0
Syntaxin	TIR	1935	0	0	0	0	0	0	0	0	0
T4SS	TLD	1936	0	0	0	0	0	0	0	0	0
T4_baseplate	TLV_coat	1937	0	0	0	0	0	0	0	0	0
T4_gp9_10	TMF_DNA_bd	1938	0	0	0	0	0	0	0	0	0
T4_tail_cap	TMV_coat	1939	0	0	0	0	0	0	0	0	0
T5orf172	TNF	1940	0	0	0	0	0	0	0	0	0
TAF4	TPP_enzyme_N	1941	0	0	0	0	0	0	0	0	0
TarH	TPT	1942	0	0	0	0	0	0	0	0	0
TatD_DNase	TP_methylase	1943	0	0	0	0	0	0	0	0	0
Tau95	TRAM_LAG1_CLN8	1944	0	0	0	0	0	0	0	0	0
TauD	TRAPP	1945	0	0	0	0	0	0	0	0	0
TauE	TRAP_beta	1946	0	0	0	0	0	0	0	0	0
TBC	TRF	1947	0	0	0	0	0	0	0	0	0
TcdB_toxin_midC	TRF2	1948	0	0	0	0	0	0	0	0	0
TcdB_toxin_midN	TROVE	1949	0	0	0	0	0	0	0	0	0
Tcp11	TRP	1950	0	0	0	0	0	0	0	0	0
TctA	TTL	1951	0	0	0	0	0	0	0	0	0
TEA	TUDOR	1952	0	0	0	0	0	0	0	0	0
Telomerase_RBD	TarH	1953	0	0	0	0	0	0	0	0	0
Telo_bind	TatD_DNase	1954	0	0	0	0	0	0	0	0	0
TENA_THI-4	Tau95	1955	0	0	0	0	0	0	0	0	0
Tenui_N	TauD	1956	0	0	0	0	0	0	0	0	0
Ter	TauE	1957	0	0	0	0	0	0	0	0	0
TerB	TcdB_toxin_midC	1958	0	0	0	0	0	0	0	0	0
TerD	TcdB_toxin_midN	1959	0	0	0	0	0	0	0	0	0
Terminase_1	Tcp11	1960	0	0	0	0	0	0	0	0	0
Terminase_3	TctA	1961	0	0	0	0	0	0	0	0	0
Terminase_6	Telo_bind	1962	0	0	0	0	0	0	0	0	0
Terpene_synth_C	Telomerase_RBD	1963	0	0	0	0	0	0	0	0	0
Tetraspannin	Tenui_N	1964	0	0	0	0	0	0	0	0	0
TetR_C	Ter	1965	0	0	0	0	0	0	0	0	0
TetR_C_5	TerB	1966	0	0	0	0	0	0	0	0	0
TFCD_C	TerD	1967	0	0	0	0	0	0	0	0	0
TFIID_90kDa	Terminase_1	1968	0	0	0	0	0	0	0	0	0
TFIIE_alpha	Terminase_3	1969	0	0	0	0	0	0	0	0	0
TGFb_propeptide	Terminase_6	1970	0	0	0	0	0	0	0	0	0
TGT	Terpene_synth_C	1971	0	0	0	0	0	0	0	0	0
Thioesterase	TetR_C	1972	0	0	0	0	0	0	0	0	0
Tho2	TetR_C_5	1973	0	0	0	0	0	0	0	0	0
THOC7	Tetraspannin	1974	0	0	0	0	0	0	0	0	0
THUMP	Thioesterase	1975	0	0	0	0	0	0	0	0	0
Thymidylate_kin	Tho2	1976	0	0	0	0	0	0	0	0	0
TIG	Thymidylate_kin	1977	0	0	0	0	0	0	0	0	0
Tim17	Tim17	1978	0	0	0	0	0	0	0	0	0
TIMELESS_C	TipAS	1979	0	0	0	0	0	0	0	0	0
TIMP	Tissue_fac	1980	0	0	0	0	0	0	0	0	0
TipAS	Tmemb_185A	1981	0	0	0	0	0	0	0	0	0
TIR	TnsA_C	1982	0	0	0	0	0	0	0	0	0
Tissue_fac	TolB_N	1983	0	0	0	0	0	0	0	0	0
TLD	Tol_Tol_Ttg2	1984	0	0	0	0	0	0	0	0	0
TLV_coat	Toluene_X	1985	0	0	0	0	0	0	0	0	0
Tmemb_185A	TonB_dep_Rec	1986	0	0	0	0	0	0	0	0	0
TMF_DNA_bd	Topoisom_I	1987	0	0	0	0	0	0	0	0	0
TMV_coat	Topoisom_bac	1988	0	0	0	0	0	0	0	0	0
TNF	Totivirus_coat	1989	0	0	0	0	0	0	0	0	0
TnsA_C	TraC_F_IV	1990	0	0	0	0	0	0	0	0	0
TolB_N	TraD_N	1991	0	0	0	0	0	0	0	0	0
Toluene_X	TraE	1992	0	0	0	0	0	0	0	0	0
Tol_Tol_Ttg2	TraG	1993	0	0	0	0	0	0	0	0	0
TonB_dep_Rec	TraG_N	1994	0	0	0	0	0	0	0	0	0
Topoisom_bac	TraH	1995	0	0	0	0	0	0	0	0	0
Topoisom_I	TraK	1996	0	0	0	0	0	0	0	0	0
Totivirus_coat	Transferase	1997	0	0	0	0	0	0	0	0	0
TPP_enzyme_N	Transglut_C	1998	0	0	0	0	0	0	0	0	0
TPT	Transket_pyr	1999	0	0	0	0	0	0	0	0	0
